dateTime,foods-log-caloriesIn,foods-log-water,activities-calories,activities-caloriesBMR,activities-steps,Activities-distance,activities-floors,activities-elevation,activities-minutesSedentary,activities-minutesLightlyActive,activities-minutesFairlyActive,activities-minutesVeryActive,total giornata,sleep-startTime,sleep-timeInBed,sleep-minutesAsleep,sleep-awakeningsCount,sleep-minutesAwake,sleep-minutesToFallAsleep,sleep-minutesAfterWakeup,sleep-efficiency,body-weight,body-bmi,body-fat
2015-04-20,0,0.0,1811,1778,1556,1,0,0,1414,26,0,0,1440,,0,0,0,0,0,0,0,75.0,23.671255111694336,18.5
2015-04-21,0,0.0,1971,1778,7294,5,0,0,897,96,0,0,993,00:33,447,447,0,0,0,0,100,75.0,23.671255111694336,18.5
2015-04-22,0,0.0,1784,1778,262,0,0,0,933,4,0,0,937,01:15,503,503,0,0,0,0,100,75.0,23.671255111694336,18.5
2015-04-23,0,0.0,1878,1778,4233,3,0,0,950,63,0,0,1013,01:00,427,427,0,0,0,0,100,75.0,23.671255111694336,18.5
2015-04-24,0,0.0,2054,1778,11053,8,0,0,831,151,0,0,982,01:08,458,458,0,0,0,0,100,75.0,23.671255111694336,18.5
2015-04-25,0,0.0,2065,1778,11042,8,0,0,881,141,0,0,1022,02:11,418,418,0,0,0,0,100,75.0,23.671255111694336,18.5
2015-04-26,0,0.0,1985,1778,7555,6,0,0,1340,100,0,0,1440,,0,0,0,0,0,0,0,75.0,23.671255111694336,18.5
2015-04-27,0,0.0,1901,1778,4905,4,0,0,903,72,0,0,975,01:00,465,465,0,0,0,0,100,75.0,23.671255111694336,18.5
2015-04-28,0,0.0,1919,1778,5982,4,0,0,883,92,0,0,975,00:00,465,465,0,0,0,0,100,75.0,23.671255111694336,18.5
2015-04-29,0,0.0,2003,1778,7927,6,0,0,863,109,0,0,972,01:01,468,468,0,0,0,0,100,75.0,23.671255111694336,18.5
2015-04-30,0,0.0,1991,1778,8217,6,0,0,837,105,0,0,942,00:30,498,498,0,0,0,0,100,75.0,23.671255111694336,18.5
2015-05-01,0,0.0,2273,1778,19157,14,0,0,677,249,0,0,926,01:19,514,514,0,0,0,0,100,75.0,23.671255111694336,18.5
2015-05-02,0,0.0,1902,1778,5203,4,0,0,1362,78,0,0,1440,,0,0,0,0,0,0,0,75.0,23.671255111694336,18.5
2015-05-03,0,0.0,1994,1778,8349,6,0,0,841,112,0,0,953,01:00,487,487,0,0,0,0,100,75.0,23.671255111694336,18.5
2015-05-04,0,0.0,1953,1778,6390,5,0,0,893,84,0,0,977,00:59,463,463,0,0,0,0,100,75.0,23.671255111694336,18.5
2015-05-05,0,0.0,1880,1778,4620,3,0,0,920,78,0,0,998,00:50,442,442,0,0,0,0,100,75.0,23.671255111694336,18.5
2015-05-06,0,0.0,1958,1778,7553,6,0,0,867,113,0,0,980,01:11,460,460,0,0,0,0,100,75.0,23.671255111694336,18.5
2015-05-07,0,0.0,1896,1778,5379,4,0,0,920,89,0,0,1009,01:34,431,431,0,0,0,0,100,75.0,23.671255111694336,18.5
2015-05-08,0,0.0,1971,1778,7779,6,0,0,877,113,0,0,990,01:19,450,450,0,0,0,0,100,75.0,23.671255111694336,18.5
2015-05-09,0,0.0,2009,1778,9679,7,0,0,892,141,0,0,1033,01:33,407,407,0,0,0,0,100,75.0,23.671255111694336,18.5
2015-05-10,0,0.0,1923,1778,6001,4,0,0,902,100,0,0,1002,01:47,438,438,0,0,0,0,100,75.0,23.671255111694336,18.5
2015-05-11,0,0.0,1962,1778,7411,5,0,0,852,105,0,0,957,00:49,483,483,0,0,0,0,100,75.0,23.671255111694336,18.5
2015-05-12,0,0.0,1946,1778,7495,6,0,0,873,121,0,0,994,00:21,446,446,0,0,0,0,100,75.0,23.671255111694336,18.5
2015-05-13,0,0.0,1913,1778,5714,4,0,0,887,87,0,0,974,01:01,466,466,0,0,0,0,100,75.0,23.671255111694336,18.5
2015-05-14,0,0.0,2021,1778,8971,7,0,0,910,119,0,0,1029,01:58,411,411,0,0,0,0,100,75.0,23.671255111694336,18.5
2015-05-15,0,0.0,2073,1778,11034,8,0,0,857,143,0,0,1000,01:28,440,440,0,0,0,0,100,75.0,23.671255111694336,18.5
2015-05-16,0,0.0,2100,1778,12636,9,0,0,898,173,0,0,1071,01:52,369,369,0,0,0,0,100,75.0,23.671255111694336,18.5
2015-05-17,0,0.0,1963,1778,7351,5,0,0,1336,104,0,0,1440,,0,0,0,0,0,0,0,75.0,23.671255111694336,18.5
2015-05-18,0,0.0,2061,1778,11303,8,0,0,860,152,0,0,1012,01:35,428,428,0,0,0,0,100,75.0,23.671255111694336,18.5
2015-05-19,0,0.0,1939,1778,6647,5,0,0,782,104,0,0,886,00:39,435,435,0,0,0,0,100,75.0,23.671255111694336,18.5
2015-05-20,0,0.0,2106,1778,12799,9,0,0,739,174,0,0,913,22:01,646,646,0,0,0,0,100,75.0,23.671255111694336,18.5
2015-05-21,0,0.0,1919,1778,6164,5,0,0,1343,97,0,0,1440,,0,0,0,0,0,0,0,75.0,23.671255111694336,18.5
2015-05-22,0,0.0,1941,1778,6264,5,0,0,849,90,0,0,939,00:58,469,469,0,0,0,0,100,75.0,23.671255111694336,18.5
2015-05-23,0,0.0,1821,1778,2042,2,0,0,782,36,0,0,818,23:28,654,654,0,0,0,0,100,75.0,23.671255111694336,18.5
2015-05-24,0,0.0,2216,1778,16627,12,0,0,756,220,0,0,976,01:30,464,464,0,0,0,0,100,75.0,23.671255111694336,18.5
2015-05-25,0,0.0,2012,1778,9730,7,0,0,1297,143,0,0,1440,,0,0,0,0,0,0,0,75.0,23.671255111694336,18.5
2015-05-26,0,0.0,1968,1778,7589,6,0,0,912,117,0,0,1029,01:57,411,411,0,0,0,0,100,75.0,23.671255111694336,18.5
2015-05-27,0,0.0,1907,1778,5344,4,0,0,964,78,0,0,1042,01:39,398,398,0,0,0,0,100,75.0,23.671255111694336,18.5
2015-05-28,0,0.0,1864,1778,3709,3,0,0,1143,57,0,0,1200,,0,0,0,0,0,0,0,75.0,23.671255111694336,18.5
2015-05-29,0,0.0,1960,1778,8373,6,0,0,776,136,0,0,912,20:00,768,768,0,0,0,0,100,75.0,23.671255111694336,18.5
2015-05-30,0,0.0,1979,1778,7381,5,0,0,890,101,0,0,991,01:18,449,449,0,0,0,0,100,75.0,23.671255111694336,18.5
2015-05-31,0,0.0,1998,1778,8454,6,0,0,842,117,0,0,959,01:55,481,481,0,0,0,0,100,75.0,23.671255111694336,18.5
2015-06-01,0,0.0,1911,1778,5510,4,0,0,893,79,0,0,972,00:57,468,468,0,0,0,0,100,75.0,23.671255111694336,18.5
2015-06-02,0,0.0,1981,1778,7338,5,0,0,1341,99,0,0,1440,,0,0,0,0,0,0,0,75.0,23.671255111694336,18.5
2015-06-03,0,0.0,1929,1778,6824,5,0,0,879,112,0,0,991,01:17,449,449,0,0,0,0,100,75.0,23.671255111694336,18.5
2015-06-04,0,0.0,1937,1778,6953,5,0,0,870,110,0,0,980,01:04,460,460,0,0,0,0,100,75.0,23.671255111694336,18.5
2015-06-05,0,0.0,2015,1778,9891,7,0,0,1291,149,0,0,1440,,0,0,0,0,0,0,0,75.0,23.671255111694336,18.5
2015-06-06,0,0.0,1983,1778,8921,7,0,0,797,137,0,0,934,00:18,506,506,0,0,0,0,100,75.0,23.671255111694336,18.5
2015-06-07,0,0.0,1892,1778,4997,4,0,0,1362,78,0,0,1440,,0,0,0,0,0,0,0,75.0,23.671255111694336,18.5
2015-06-08,0,0.0,1909,1778,5427,4,0,0,872,83,0,0,955,00:44,485,485,0,0,0,0,100,75.0,23.671255111694336,18.5
2015-06-09,0,0.0,2041,1778,10144,7,0,0,883,137,0,0,1020,01:41,420,420,0,0,0,0,100,75.0,23.671255111694336,18.5
2015-06-10,0,0.0,2027,1778,9800,7,0,0,911,133,0,0,1044,03:27,396,396,0,0,0,0,100,75.0,23.671255111694336,18.5
2015-06-11,0,0.0,1892,1778,4771,4,0,0,1167,72,0,0,1239,,0,0,0,0,0,0,0,75.0,23.671255111694336,18.5
2015-06-12,0,0.0,1880,1778,4763,4,0,0,775,82,0,0,857,20:39,784,784,0,0,0,0,100,75.0,23.671255111694336,18.5
2015-06-13,0,0.0,1881,1778,4315,3,0,0,1370,70,0,0,1440,,0,0,0,0,0,0,0,75.0,23.671255111694336,18.5
2015-06-14,0,0.0,1878,1778,4133,3,0,0,1375,65,0,0,1440,,0,0,0,0,0,0,0,75.0,23.671255111694336,18.5
2015-06-15,0,0.0,2092,1778,7385,5,0,0,917,0,85,0,1002,00:46,438,438,0,0,0,0,100,75.0,23.671255111694336,18.5
2015-06-16,0,0.0,1887,1778,4537,3,0,0,905,73,0,0,978,00:44,462,462,0,0,0,0,100,75.0,23.671255111694336,18.5
2015-06-17,0,0.0,1886,1778,3992,3,0,0,917,54,0,0,971,00:34,469,469,0,0,0,0,100,75.0,23.671255111694336,18.5
2015-06-18,0,0.0,1932,1778,5878,4,0,0,896,86,0,0,982,00:53,458,458,0,0,0,0,100,75.0,23.671255111694336,18.5
2015-06-19,0,0.0,1862,1778,4078,3,0,0,982,73,0,0,1055,01:27,385,385,0,0,0,0,100,75.0,23.671255111694336,18.5
2015-06-20,0,0.0,2103,1778,13385,10,0,0,1251,189,0,0,1440,,0,0,0,0,0,0,0,75.0,23.671255111694336,18.5
2015-06-21,0,0.0,1886,1778,4748,4,0,0,1366,74,0,0,1440,,0,0,0,0,0,0,0,75.0,23.671255111694336,18.5
2015-06-22,0,0.0,1933,1778,6487,5,0,0,859,104,0,0,963,00:49,477,477,0,0,0,0,100,75.0,23.671255111694336,18.5
2015-06-23,0,0.0,1863,1778,3896,3,0,0,921,66,0,0,987,00:31,453,453,0,0,0,0,100,75.0,23.671255111694336,18.5
2015-06-24,0,0.0,1894,1778,4628,3,0,0,1368,72,0,0,1440,,0,0,0,0,0,0,0,75.0,23.671255111694336,18.5
2015-06-25,0,0.0,1945,1778,6532,5,0,0,902,93,0,0,995,01:20,445,445,0,0,0,0,100,75.0,23.671255111694336,18.5
2015-06-26,0,0.0,2032,1778,9934,7,0,0,887,140,0,0,1027,01:24,413,413,0,0,0,0,100,75.0,23.671255111694336,18.5
2015-06-27,0,0.0,1940,1778,6147,5,0,0,1359,81,0,0,1440,,0,0,0,0,0,0,0,75.0,23.671255111694336,18.5
2015-06-28,0,0.0,2022,1778,9552,7,0,0,765,131,0,0,896,01:47,544,544,0,0,0,0,100,75.0,23.671255111694336,18.5
2015-06-29,0,0.0,1957,1778,6967,5,0,0,901,101,0,0,1002,01:27,438,438,0,0,0,0,100,75.0,23.671255111694336,18.5
2015-06-30,0,0.0,2051,1778,7295,5,0,0,919,91,0,0,1010,01:18,430,430,0,0,0,0,100,75.0,23.671255111694336,18.5
2015-07-01,0,0.0,2076,1778,11979,9,0,0,728,166,0,0,894,00:39,546,546,0,0,0,0,100,75.0,23.671255111694336,18.5
2015-07-02,0,0.0,1880,1778,4291,3,0,0,1376,64,0,0,1440,,0,0,0,0,0,0,0,75.0,23.671255111694336,18.5
2015-07-03,0,0.0,2392,1778,24214,18,0,0,754,320,0,0,1074,00:55,366,366,0,0,0,0,100,75.0,23.671255111694336,18.5
2015-07-04,0,0.0,1784,1778,513,0,0,0,1440,0,0,0,1440,,0,0,0,0,0,0,0,75.0,23.671255111694336,18.5
2015-07-05,0,0.0,1944,1778,6859,5,0,0,825,101,0,0,926,01:35,514,514,0,0,0,0,100,75.0,23.671255111694336,18.5
2015-07-06,0,0.0,2020,1778,8361,6,0,0,992,115,0,0,1107,02:59,333,333,0,0,0,0,100,75.0,23.671255111694336,18.5
2015-07-07,0,0.0,1973,1778,7647,6,0,0,1338,102,0,0,1440,,0,0,0,0,0,0,0,75.0,23.671255111694336,18.5
2015-07-08,0,0.0,1987,1778,8284,6,0,0,1327,113,0,0,1440,,0,0,0,0,0,0,0,75.0,23.671255111694336,18.5
2015-07-09,0,0.0,1958,1778,7293,5,0,0,839,107,0,0,946,01:21,494,494,0,0,0,0,100,75.0,23.671255111694336,18.5
2015-07-10,0,0.0,1942,1778,7367,5,0,0,1319,121,0,0,1440,,0,0,0,0,0,0,0,75.0,23.671255111694336,18.5
2015-07-11,0,0.0,2002,1778,9102,7,0,0,901,135,0,0,1036,01:16,404,404,0,0,0,0,100,75.0,23.671255111694336,18.5
2015-07-12,0,0.0,1869,1778,4308,3,0,0,1035,74,0,0,1109,03:54,331,331,0,0,0,0,100,75.0,23.671255111694336,18.5
2015-07-13,0,0.0,1857,1778,3636,2,0,0,1066,62,0,0,1128,04:00,312,312,0,0,0,0,100,75.0,23.671255111694336,18.5
2015-07-14,0,0.0,1956,1778,7612,6,0,0,1013,117,0,0,1130,05:45,310,310,0,0,0,0,100,75.0,23.671255111694336,18.5
2015-07-15,0,0.0,2161,1778,14600,11,0,0,824,203,0,0,1027,03:37,413,413,0,0,0,0,100,75.0,23.671255111694336,18.5
2015-07-16,0,0.0,2142,1778,13700,10,0,0,1082,178,0,0,1260,05:36,180,180,0,0,0,0,100,75.0,23.671255111694336,18.5
2015-07-17,0,0.0,2357,1778,22199,16,0,0,1142,298,0,0,1440,,0,0,0,0,0,0,0,75.0,23.671255111694336,18.5
2015-07-18,0,0.0,1828,1778,1919,1,0,0,1415,25,0,0,1440,,0,0,0,0,0,0,0,75.0,23.671255111694336,18.5
2015-07-19,0,0.0,1776,1778,38,0,0,0,1440,0,0,0,1440,,0,0,0,0,0,0,0,75.0,23.671255111694336,18.5
2015-07-20,0,0.0,1947,1778,6731,5,0,0,1346,94,0,0,1440,,0,0,0,0,0,0,0,75.0,23.671255111694336,18.5
2015-07-21,0,0.0,2005,1778,8833,7,0,0,773,123,0,0,896,00:42,544,544,0,0,0,0,100,75.0,23.671255111694336,18.5
2015-07-22,0,0.0,1984,1778,8311,6,0,0,886,117,0,0,1003,03:26,437,437,0,0,0,0,100,75.0,23.671255111694336,18.5
2015-07-23,0,0.0,2114,1778,13074,10,0,0,876,171,0,0,1047,02:22,393,393,0,0,0,0,100,75.0,23.671255111694336,18.5
2015-07-24,0,0.0,1908,1778,5660,4,0,0,1344,96,0,0,1440,,0,0,0,0,0,0,0,75.0,23.671255111694336,18.5
2015-07-25,0,0.0,2140,1778,14551,11,0,0,859,200,0,0,1059,01:36,381,381,0,0,0,0,100,75.0,23.671255111694336,18.5
2015-07-26,0,0.0,2093,1778,13044,10,0,0,1026,187,0,0,1213,05:25,227,227,0,0,0,0,100,75.0,23.671255111694336,18.5
2015-07-27,0,0.0,2121,1778,14378,11,0,0,922,208,0,0,1130,04:26,310,310,0,0,0,0,100,75.0,23.671255111694336,18.5
2015-07-28,0,0.0,2091,1778,13037,10,0,0,993,190,0,0,1183,05:30,257,257,0,0,0,0,100,75.0,23.671255111694336,18.5
2015-07-29,0,0.0,2049,1778,11173,8,0,0,909,159,0,0,1068,02:39,372,372,0,0,0,0,100,75.0,23.671255111694336,18.5
2015-07-30,0,0.0,2074,1778,12061,9,0,0,1270,170,0,0,1440,,0,0,0,0,0,0,0,75.0,23.671255111694336,18.5
2015-07-31,0,0.0,2091,1778,12603,9,0,0,1265,175,0,0,1440,,0,0,0,0,0,0,0,75.0,23.671255111694336,18.5
2015-08-01,0,0.0,1978,1778,7988,6,0,0,756,119,0,0,875,01:13,565,565,0,0,0,0,100,75.0,23.671255111694336,18.5
2015-08-02,0,0.0,2177,1778,16579,12,0,0,768,231,0,0,999,01:04,441,441,0,0,0,0,100,75.0,23.671255111694336,18.5
2015-08-03,0,0.0,2012,1778,8613,6,0,0,773,109,0,0,882,00:29,558,558,0,0,0,0,100,75.0,23.671255111694336,18.5
2015-08-04,0,0.0,2022,1778,10213,8,0,0,833,141,0,0,974,01:15,466,466,0,0,0,0,100,75.0,23.671255111694336,18.5
2015-08-05,0,0.0,1886,1778,4559,3,0,0,959,70,0,0,1029,03:28,411,411,0,0,0,0,100,75.0,23.671255111694336,18.5
2015-08-06,0,0.0,2015,1778,10025,7,0,0,735,143,0,0,878,03:08,562,562,0,0,0,0,100,75.0,23.671255111694336,18.5
2015-08-07,0,0.0,2494,1778,26965,20,0,0,849,304,0,0,1153,06:10,287,287,0,0,0,0,100,75.0,23.671255111694336,18.5
2015-08-08,0,0.0,2284,1778,20441,15,0,0,802,255,0,0,1057,05:04,383,383,0,0,0,0,100,75.0,23.671255111694336,18.5
2015-08-09,0,0.0,2024,1778,8920,7,0,0,756,103,0,0,859,05:31,581,581,0,0,0,0,100,75.0,23.671255111694336,18.5
2015-08-10,0,0.0,2007,1778,6828,5,0,0,883,0,64,0,947,06:39,493,493,0,0,0,0,100,75.0,23.671255111694336,18.5
2015-08-11,0,0.0,2232,1778,15556,11,0,0,1282,158,0,0,1440,,0,0,0,0,0,0,0,75.0,23.671255111694336,18.5
2015-08-12,0,0.0,1992,1778,7090,5,0,0,1367,73,0,0,1440,,0,0,0,0,0,0,0,75.0,23.671255111694336,18.5
2015-08-13,0,0.0,2068,1778,9336,7,0,0,1350,0,90,0,1440,,0,0,0,0,0,0,0,75.0,23.671255111694336,18.5
2015-08-14,0,0.0,2571,1778,28164,21,0,0,1014,292,0,0,1306,,0,0,0,0,0,0,0,75.0,23.671255111694336,18.5
2015-08-15,0,0.0,2226,1778,14386,11,0,0,989,149,0,0,1138,21:46,231,231,0,0,0,0,100,75.0,23.671255111694336,18.5
2015-08-16,0,0.0,2010,1778,7347,5,0,0,1148,0,75,0,1223,20:35,343,343,0,0,0,0,100,75.0,23.671255111694336,18.5
2015-08-17,0,0.0,1961,1778,6729,5,0,0,879,80,0,0,959,22:41,366,366,0,0,0,0,100,75.0,23.671255111694336,18.5
2015-08-18,0,0.0,2007,1778,8068,6,0,0,1306,84,0,0,1390,20:01,50,50,0,0,0,0,100,75.0,23.671255111694336,18.5
2015-08-19,0,0.0,1776,1778,38,0,0,0,1371,0,0,0,1371,,0,0,0,0,0,0,0,75.0,23.671255111694336,18.5
2015-08-20,0,0.0,2283,1778,19429,14,0,0,553,234,0,0,787,22:51,545,545,0,0,0,0,100,75.0,23.671255111694336,18.5
2015-08-21,0,0.0,2441,1778,23935,18,0,0,1021,256,0,0,1277,20:26,163,163,0,0,0,0,100,75.0,23.671255111694336,18.5
2015-08-22,0,0.0,2307,1778,19408,14,0,0,1226,214,0,0,1440,,0,0,0,0,0,0,0,75.0,23.671255111694336,18.5
2015-08-23,0,0.0,1995,1778,8414,6,0,0,855,103,0,0,958,00:01,482,482,0,0,0,0,100,75.0,23.671255111694336,18.5
2015-08-24,0,0.0,1847,1778,2797,2,0,0,1404,36,0,0,1440,,0,0,0,0,0,0,0,75.0,23.671255111694336,18.5
2015-08-25,0,0.0,1809,1778,1336,1,0,0,1400,20,0,0,1420,21:01,20,20,0,0,0,0,100,75.0,23.671255111694336,18.5
2015-08-26,0,0.0,1777,1778,12,0,0,0,1420,0,0,0,1420,21:01,20,20,0,0,0,0,100,75.0,23.671255111694336,18.5
2015-08-27,0,0.0,1788,1778,499,0,0,0,1433,7,0,0,1440,,0,0,0,0,0,0,0,75.0,23.671255111694336,18.5
2015-08-28,0,0.0,1777,1778,12,0,0,0,1440,0,0,0,1440,,0,0,0,0,0,0,0,75.0,23.671255111694336,18.5
2015-08-29,0,0.0,1775,1778,68,0,0,0,1400,0,0,0,1400,21:21,40,40,0,0,0,0,100,75.0,23.671255111694336,18.5
2015-08-30,0,0.0,1777,1778,11,0,0,0,1294,0,0,0,1294,18:12,146,146,0,0,0,0,100,75.0,23.671255111694336,18.5
2015-08-31,0,0.0,1765,1778,,0,0,0,1306,0,0,0,1306,11:20,134,134,0,0,0,0,100,75.0,23.671255111694336,18.5
2015-09-01,0,0.0,1765,1778,,0,0,0,1380,0,0,0,1380,21:01,60,60,0,0,0,0,100,75.0,23.671255111694336,18.5
2015-09-02,0,0.0,1765,1778,,0,0,0,1390,0,0,0,1390,21:01,50,50,0,0,0,0,100,75.0,23.671255111694336,18.5
2015-09-03,0,0.0,1765,1778,,0,0,0,1440,0,0,0,1440,,0,0,0,0,0,0,0,75.0,23.671255111694336,18.5
2015-09-04,0,0.0,1765,1778,,0,0,0,1440,0,0,0,1440,,0,0,0,0,0,0,0,75.0,23.671255111694336,18.5
2015-09-05,0,0.0,1777,1778,12,0,0,0,1440,0,0,0,1440,,0,0,0,0,0,0,0,75.0,23.671255111694336,18.5
2015-09-06,0,0.0,1777,1778,19,0,0,0,1440,0,0,0,1440,,0,0,0,0,0,0,0,75.0,23.671255111694336,18.5
2015-09-07,0,0.0,1765,1778,,0,0,0,1400,0,0,0,1400,14:01,40,40,0,0,0,0,100,75.0,23.671255111694336,18.5
2015-09-08,0,0.0,1765,1778,,0,0,0,1331,0,0,0,1331,14:01,109,109,0,0,0,0,100,75.0,23.671255111694336,18.5
2015-09-09,0,0.0,1765,1778,,0,0,0,1378,0,0,0,1378,21:01,62,62,0,0,0,0,100,75.0,23.671255111694336,18.5
2015-09-10,0,0.0,1765,1778,,0,0,0,1337,0,0,0,1337,11:49,103,103,0,0,0,0,100,75.0,23.671255111694336,18.5
2015-09-11,0,0.0,1777,1778,10,0,0,0,1390,0,0,0,1390,21:01,50,50,0,0,0,0,100,75.0,23.671255111694336,18.5
2015-09-12,0,0.0,1765,1778,,0,0,0,1440,0,0,0,1440,,0,0,0,0,0,0,0,75.0,23.671255111694336,18.5
2015-09-13,0,0.0,1765,1778,,0,0,0,1440,0,0,0,1440,,0,0,0,0,0,0,0,75.0,23.671255111694336,18.5
2015-09-14,0,0.0,1765,1778,,0,0,0,1440,0,0,0,1440,,0,0,0,0,0,0,0,75.0,23.671255111694336,18.5
2015-09-15,0,0.0,1765,1778,,0,0,0,1440,0,0,0,1440,,0,0,0,0,0,0,0,75.0,23.671255111694336,18.5
2015-09-16,0,0.0,1765,1778,,0,0,0,1440,0,0,0,1440,,0,0,0,0,0,0,0,75.0,23.671255111694336,18.5
2015-09-17,0,0.0,1765,1778,,0,0,0,1440,0,0,0,1440,,0,0,0,0,0,0,0,75.0,23.671255111694336,18.5
2015-09-18,0,0.0,1765,1778,,0,0,0,1440,0,0,0,1440,,0,0,0,0,0,0,0,75.0,23.671255111694336,18.5
2015-09-19,0,0.0,1765,1778,,0,0,0,1440,0,0,0,1440,,0,0,0,0,0,0,0,75.0,23.671255111694336,18.5
2015-09-20,0,0.0,1765,1778,,0,0,0,1440,0,0,0,1440,,0,0,0,0,0,0,0,75.0,23.671255111694336,18.5
2015-09-21,0,0.0,1765,1778,,0,0,0,1379,0,0,0,1379,13:50,61,61,0,0,0,0,100,75.0,23.671255111694336,18.5
2015-09-22,0,0.0,1765,1778,,0,0,0,1380,0,0,0,1380,21:01,60,60,0,0,0,0,100,75.0,23.671255111694336,18.5
2015-09-23,0,0.0,1765,1778,,0,0,0,1379,0,0,0,1379,13:50,61,61,0,0,0,0,100,75.0,23.671255111694336,18.5
2015-09-24,0,0.0,1765,1778,,0,0,0,1400,0,0,0,1400,20:00,40,40,0,0,0,0,100,75.0,23.671255111694336,18.5
2015-09-25,0,0.0,1765,1778,,0,0,0,1440,0,0,0,1440,,0,0,0,0,0,0,0,75.0,23.671255111694336,18.5
2015-09-26,0,0.0,1765,1778,,0,0,0,1440,0,0,0,1440,,0,0,0,0,0,0,0,75.0,23.671255111694336,18.5
2015-09-27,0,0.0,1777,1778,12,0,0,0,1432,0,0,0,1432,,0,0,0,0,0,0,0,75.0,23.671255111694336,18.5
2015-09-28,0,0.0,1838,1778,2333,2,0,0,821,29,0,0,850,23:52,533,533,0,0,0,0,100,75.0,23.671255111694336,18.5
2015-09-29,0,0.0,1789,1778,575,0,0,0,1272,10,0,0,1282,08:56,158,158,0,0,0,0,100,75.0,23.671255111694336,18.5
2015-09-30,0,0.0,1783,1778,252,0,0,0,1024,4,0,0,1028,08:56,412,412,0,0,0,0,100,75.0,23.671255111694336,18.5
2015-10-01,0,0.0,1793,1778,641,0,0,0,1101,9,0,0,1110,08:56,330,330,0,0,0,0,100,75.0,23.671255111694336,18.5
2015-10-02,0,0.0,2007,1778,9115,7,0,0,922,121,0,0,1043,02:33,397,397,0,0,0,0,100,75.0,23.671255111694336,18.5
2015-10-03,0,0.0,1960,1778,7834,6,0,0,895,120,0,0,1015,02:53,425,425,0,0,0,0,100,75.0,23.671255111694336,18.5
2015-10-04,0,0.0,2105,1778,12794,9,0,0,1270,170,0,0,1440,,0,0,0,0,0,0,0,75.0,23.671255111694336,18.5
2015-10-05,0,0.0,1872,1778,4423,3,0,0,880,70,0,0,950,00:33,490,490,0,0,0,0,100,75.0,23.671255111694336,18.5
2015-10-06,0,0.0,1965,1778,7926,6,0,0,922,110,0,0,1032,01:20,408,408,0,0,0,0,100,75.0,23.671255111694336,18.5
2015-10-07,0,0.0,1975,1778,8347,6,0,0,805,119,0,0,924,00:34,516,516,0,0,0,0,100,75.0,23.671255111694336,18.5
2015-10-08,0,0.0,1858,1778,3694,3,0,0,1000,59,0,0,1059,01:59,381,381,0,0,0,0,100,75.0,23.671255111694336,18.5
2015-10-09,0,0.0,2063,1778,11525,9,0,0,822,153,0,0,975,01:00,465,465,0,0,0,0,100,75.0,23.671255111694336,18.5
2015-10-10,0,0.0,2078,1778,10950,8,0,0,1311,129,0,0,1440,,0,0,0,0,0,0,0,75.0,23.671255111694336,18.5
2015-10-11,0,0.0,2001,1778,9045,7,0,0,821,119,0,0,940,01:33,500,500,0,0,0,0,100,75.0,23.671255111694336,18.5
2015-10-12,0,0.0,1918,1778,5763,4,0,0,872,82,0,0,954,00:45,486,486,0,0,0,0,100,75.0,23.671255111694336,18.5
2015-10-13,0,0.0,1897,1778,5291,4,0,0,895,79,0,0,974,01:04,466,466,0,0,0,0,100,75.0,23.671255111694336,18.5
2015-10-14,0,0.0,2003,1778,9305,7,0,0,802,124,0,0,926,00:59,514,514,0,0,0,0,100,75.0,23.671255111694336,18.5
2015-10-15,0,0.0,1870,1778,4447,3,0,0,891,73,0,0,964,00:27,476,476,0,0,0,0,100,75.0,23.671255111694336,18.5
2015-10-16,0,0.0,2098,1778,13231,10,0,0,839,184,0,0,1023,01:43,417,417,0,0,0,0,100,75.0,23.671255111694336,18.5
2015-10-17,0,0.0,1943,1778,7335,5,0,0,1328,112,0,0,1440,,0,0,0,0,0,0,0,75.0,23.671255111694336,18.5
2015-10-18,0,0.0,1932,1778,6948,5,0,0,825,107,0,0,932,01:12,508,508,0,0,0,0,100,75.0,23.671255111694336,18.5
2015-10-19,0,0.0,2197,1778,12474,9,0,0,873,145,0,0,1018,01:38,422,422,0,0,0,0,100,75.0,23.671255111694336,18.5
2015-10-20,0,0.0,1987,1778,6867,5,0,0,880,93,0,0,973,01:08,467,467,0,0,0,0,100,75.0,23.671255111694336,18.5
2015-10-21,0,0.0,1919,1778,6161,5,0,0,812,97,0,0,909,00:48,531,531,0,0,0,0,100,75.0,23.671255111694336,18.5
2015-10-22,0,0.0,1969,1778,8148,6,0,0,912,114,0,0,1026,01:50,414,414,0,0,0,0,100,75.0,23.671255111694336,18.5
2015-10-23,0,0.0,2295,1778,16847,12,0,0,786,196,0,0,982,00:56,458,458,0,0,0,0,100,75.0,23.671255111694336,18.5
2015-10-24,0,0.0,2101,1778,12524,9,0,0,946,159,0,0,1105,03:35,335,335,0,0,0,0,100,75.0,23.671255111694336,18.5
2015-10-25,0,0.0,2465,1778,16598,12,0,0,1212,0,160,0,1372,,0,0,0,0,0,0,0,75.0,23.671255111694336,18.5
2015-10-26,0,0.0,1999,1778,8783,6,0,0,851,115,0,0,966,22:52,525,525,0,0,0,0,100,75.0,23.671255111694336,18.5
2015-10-27,0,0.0,2018,1778,6945,5,0,0,905,95,0,0,1000,23:43,455,455,0,0,0,0,100,75.0,23.671255111694336,18.5
2015-10-28,0,0.0,2014,1778,9381,7,0,0,819,130,0,0,949,23:58,493,493,0,0,0,0,100,75.0,23.671255111694336,18.5
2015-10-29,0,0.0,1945,1778,7371,5,0,0,892,108,0,0,1000,00:20,440,440,0,0,0,0,100,75.0,23.671255111694336,18.5
2015-10-30,0,0.0,2044,1778,11080,8,0,0,836,154,0,0,990,00:08,450,450,0,0,0,0,100,75.0,23.671255111694336,18.5
2015-10-31,0,0.0,2059,1778,10488,8,0,0,937,131,0,0,1068,02:06,372,372,0,0,0,0,100,75.0,23.671255111694336,18.5
2015-11-01,0,0.0,2541,1778,22751,17,0,0,1140,0,242,0,1382,,0,0,0,0,0,0,0,75.0,23.671255111694336,18.5
2015-11-02,0,0.0,1861,1778,3761,3,0,0,909,62,0,0,971,23:02,527,527,0,0,0,0,100,75.0,23.671255111694336,18.5
2015-11-03,0,0.0,2104,1778,8414,6,0,0,856,0,103,0,959,00:03,465,465,0,0,0,0,100,75.0,23.671255111694336,18.5
2015-11-04,0,0.0,2016,1778,9623,7,0,0,830,140,0,0,970,23:44,486,486,0,0,0,0,100,75.0,23.671255111694336,18.5
2015-11-05,0,0.0,1958,1778,7217,5,0,0,934,102,0,0,1036,00:40,404,404,0,0,0,0,100,75.0,23.671255111694336,18.5
2015-11-06,0,0.0,2264,1778,14333,11,0,0,821,172,0,0,993,00:01,447,447,0,0,0,0,100,75.0,23.671255111694336,18.5
2015-11-07,0,0.0,1894,1778,4699,3,0,0,862,71,0,0,933,00:33,507,507,0,0,0,0,100,75.0,23.671255111694336,18.5
2015-11-08,0,0.0,2774,1778,18176,13,0,0,1276,0,0,147,1423,,0,0,0,0,0,0,0,75.0,23.671255111694336,18.5
2015-11-09,0,0.0,1910,1778,6016,4,0,0,882,91,0,0,973,23:43,484,484,0,0,0,0,100,75.0,23.671255111694336,18.5
2015-11-10,0,0.0,2196,1778,9616,7,0,0,860,0,110,0,970,00:11,442,442,0,0,0,0,100,75.0,23.671255111694336,18.5
2015-11-11,0,0.0,1972,1778,7875,6,0,0,850,111,0,0,961,23:32,507,507,0,0,0,0,100,75.0,23.671255111694336,18.5
2015-11-12,0,0.0,1903,1778,5474,4,0,0,795,78,0,0,873,00:54,414,414,0,0,0,0,100,75.0,23.671255111694336,18.5
2015-11-13,0,0.0,2259,1778,13683,10,0,0,899,165,0,0,1064,21:27,529,529,0,0,0,0,100,75.0,23.671255111694336,18.5
2015-11-14,0,0.0,2223,1778,16258,12,0,0,1236,190,0,0,1426,,0,0,0,0,0,0,0,75.0,23.671255111694336,18.5
2015-11-15,0,0.0,1979,1778,8421,6,0,0,763,117,0,0,880,23:46,516,516,0,0,0,0,100,75.0,23.671255111694336,18.5
2015-11-16,0,0.0,1880,1778,4275,3,0,0,897,58,0,0,955,23:02,523,523,0,0,0,0,100,75.0,23.671255111694336,18.5
2015-11-17,0,0.0,2038,1778,9560,7,0,0,834,119,0,0,953,23:40,491,491,0,0,0,0,100,75.0,23.671255111694336,18.5
2015-11-18,0,0.0,1966,1778,8093,6,0,0,863,126,0,0,989,23:44,467,467,0,0,0,0,100,75.0,23.671255111694336,18.5
2015-11-19,0,0.0,1887,1778,5137,4,0,0,933,82,0,0,1015,00:48,406,406,0,0,0,0,100,75.0,23.671255111694336,18.5
2015-11-20,0,0.0,2385,1778,16605,12,0,0,800,0,189,0,989,23:41,470,470,0,0,0,0,100,75.0,23.671255111694336,18.5
2015-11-21,0,0.0,2006,1778,8630,6,0,0,1332,108,0,0,1440,,0,0,0,0,0,0,0,75.0,23.671255111694336,18.5
2015-11-22,0,0.0,2772,1778,17429,13,0,0,1258,0,0,143,1401,,0,0,0,0,0,0,0,75.0,23.671255111694336,18.5
2015-11-23,0,0.0,1867,1778,4341,3,0,0,897,73,0,0,970,23:21,509,509,0,0,0,0,100,75.0,23.671255111694336,18.5
2015-11-24,0,0.0,1940,1778,6296,5,0,0,914,85,0,0,999,00:19,441,441,0,0,0,0,100,75.0,23.671255111694336,18.5
2015-11-25,0,0.0,1867,1778,4065,3,0,0,1373,67,0,0,1440,,0,0,0,0,0,0,0,75.0,23.671255111694336,18.5
2015-11-26,0,0.0,2028,1778,9820,7,0,0,873,125,0,0,998,00:15,437,437,0,0,0,0,100,75.0,23.671255111694336,18.5
2015-11-27,0,0.0,2192,1778,9979,7,0,0,877,0,104,0,981,23:55,464,464,0,0,0,0,100,75.0,23.671255111694336,18.5
2015-11-28,0,0.0,1860,1778,3499,3,0,0,1386,52,0,0,1438,,0,0,0,0,0,0,0,75.0,23.671255111694336,18.5
2015-11-29,0,0.0,2696,1778,17428,13,0,0,853,0,0,148,1001,23:58,401,401,0,0,0,0,100,75.0,23.671255111694336,18.5
2015-11-30,0,0.0,1907,1778,5523,4,0,0,872,84,0,0,956,23:20,508,508,0,0,0,0,100,75.0,23.671255111694336,18.5
2015-12-01,0,0.0,2053,1778,11225,8,0,0,820,148,0,0,968,23:44,485,485,0,0,0,0,100,75.0,23.671255111694336,18.5
2015-12-02,0,0.0,1951,1778,6842,5,0,0,866,96,0,0,962,23:57,479,479,0,0,0,0,100,75.0,23.671255111694336,18.5
2015-12-03,0,0.0,1984,1778,7981,6,0,0,862,109,0,0,971,23:58,471,471,0,0,0,0,100,75.0,23.671255111694336,18.5
2015-12-04,0,0.0,2373,1778,14483,11,0,0,889,0,136,0,1025,00:05,415,415,0,0,0,0,100,75.0,23.671255111694336,18.5
2015-12-05,0,0.0,1960,1778,7093,5,0,0,1346,91,0,0,1437,,0,0,0,0,0,0,0,75.0,23.671255111694336,18.5
2015-12-06,0,0.0,3172,1778,28125,21,0,0,694,0,241,1,936,23:57,451,451,0,0,0,0,100,75.0,23.671255111694336,18.5
2015-12-07,0,0.0,2035,1778,9455,7,0,0,810,109,0,0,919,23:04,544,544,0,0,0,0,100,75.0,23.671255111694336,18.5
2015-12-08,0,0.0,1957,1778,6960,5,0,0,762,98,0,0,860,23:27,613,613,0,0,0,0,100,75.0,23.671255111694336,18.5
2015-12-09,0,0.0,1934,1778,6743,5,0,0,941,100,0,0,1041,00:31,392,392,0,0,0,0,100,75.0,23.671255111694336,18.5
2015-12-10,0,0.0,1932,1778,6358,5,0,0,936,90,0,0,1026,23:53,421,421,0,0,0,0,100,75.0,23.671255111694336,18.5
2015-12-11,0,0.0,1996,1778,8791,6,0,0,970,122,0,0,1092,00:59,348,348,0,0,0,0,100,75.0,23.671255111694336,18.5
2015-12-12,0,0.0,1972,1778,8780,6,0,0,901,133,0,0,1034,00:47,406,406,0,0,0,0,100,75.0,23.671255111694336,18.5
2015-12-13,0,0.0,1947,1778,7069,5,0,0,1300,105,0,0,1405,,0,0,0,0,0,0,0,75.0,23.671255111694336,18.5
2015-12-14,0,0.0,1945,1778,6878,5,0,0,871,93,0,0,964,23:25,506,506,0,0,0,0,100,75.0,23.671255111694336,18.5
2015-12-15,0,0.0,1921,1778,5720,4,0,0,765,79,0,0,844,23:55,471,471,0,0,0,0,100,75.0,23.671255111694336,18.5
2015-12-16,0,0.0,1931,1778,6459,5,0,0,905,96,0,0,1001,21:50,569,569,0,0,0,0,100,75.0,23.671255111694336,18.5
2015-12-17,0,0.0,1966,1778,7565,6,0,0,890,105,0,0,995,00:16,445,445,0,0,0,0,100,75.0,23.671255111694336,18.5
2015-12-18,0,0.0,2326,1778,13565,10,0,0,899,0,156,0,1055,00:35,385,385,0,0,0,0,100,75.0,23.671255111694336,18.5
2015-12-19,0,0.0,1946,1778,7098,5,0,0,797,100,0,0,897,00:02,543,543,0,0,0,0,100,75.0,23.671255111694336,18.5
2015-12-20,0,0.0,2652,1773,19488,14,0,0,1230,0,189,0,1419,,0,0,0,0,0,0,0,75.0,23.671255111694336,18.5
2015-12-21,0,0.0,1940,1773,6834,5,0,0,878,94,0,0,972,23:39,489,489,0,0,0,0,100,75.0,23.671255111694336,18.5
2015-12-22,0,0.0,1918,1773,6232,5,0,0,866,91,0,0,957,00:03,463,463,0,0,0,0,100,75.0,23.671255111694336,18.5
2015-12-23,0,0.0,2333,1773,20429,15,0,0,718,239,0,0,957,23:40,503,503,0,0,0,0,100,75.0,23.671255111694336,18.5
2015-12-24,0,0.0,1892,1773,5166,4,0,0,856,81,0,0,937,00:45,503,503,0,0,0,0,100,75.0,23.671255111694336,18.5
2015-12-25,0,0.0,1874,1773,4429,3,0,0,929,73,0,0,1002,00:23,438,438,0,0,0,0,100,75.0,23.671255111694336,18.5
2015-12-26,0,0.0,3023,1773,27833,21,0,0,735,0,244,0,979,00:22,413,413,0,0,0,0,100,75.0,23.671255111694336,18.5
2015-12-27,0,0.0,1882,1773,5014,4,0,0,829,82,0,0,911,23:12,577,577,0,0,0,0,100,75.0,23.671255111694336,18.5
2015-12-28,0,0.0,1963,1773,7627,6,0,0,886,107,0,0,993,00:23,447,447,0,0,0,0,100,75.0,23.671255111694336,18.5
2015-12-29,0,0.0,1975,1773,7784,6,0,0,858,100,0,0,958,00:29,443,443,0,0,0,0,100,75.0,23.671255111694336,18.5
2015-12-30,0,0.0,1902,1773,5306,4,0,0,894,74,0,0,968,23:21,511,511,0,0,0,0,100,75.0,23.671255111694336,18.5
2015-12-31,0,0.0,2075,1773,10573,8,0,0,830,121,0,0,951,00:24,489,489,0,0,0,0,100,75.0,23.671255111694336,18.5
2016-01-01,0,0.0,2364,1773,12361,9,0,0,1307,0,120,0,1427,,0,0,0,0,0,0,0,75.0,23.671255111694336,18.5
2016-01-02,0,0.0,1956,1773,7383,5,0,0,962,104,0,0,1066,23:47,387,387,0,0,0,0,100,75.0,23.671255111694336,18.5
2016-01-03,0,0.0,2091,1773,11721,9,0,0,840,138,0,0,978,00:11,462,462,0,0,0,0,100,75.0,23.671255111694336,18.5
2016-01-04,0,0.0,1869,1773,4043,3,0,0,927,56,0,0,983,00:12,457,457,0,0,0,0,100,75.0,23.671255111694336,18.5
2016-01-05,0,0.0,2569,1773,18881,14,0,0,864,0,181,0,1045,00:22,358,358,0,0,0,0,100,75.0,23.671255111694336,18.5
2016-01-06,0,0.0,2400,1773,14551,11,0,0,858,0,152,0,1010,23:23,449,449,0,0,0,0,100,75.0,23.671255111694336,18.5
2016-01-07,0,0.0,1987,1773,8305,6,0,0,838,114,0,0,952,23:42,486,486,0,0,0,0,100,75.0,23.671255111694336,18.5
2016-01-08,0,0.0,1983,1773,8677,6,0,0,860,120,0,0,980,23:40,480,480,0,0,0,0,100,75.0,23.671255111694336,18.5
2016-01-09,0,0.0,1881,1773,4882,4,0,0,838,79,0,0,917,00:12,523,523,0,0,0,0,100,75.0,23.671255111694336,18.5
2016-01-10,0,0.0,2725,1773,18204,13,0,0,1247,0,156,1,1404,,0,0,0,0,0,0,0,75.0,23.671255111694336,18.5
2016-01-11,0,0.0,1950,1773,7461,6,0,0,866,106,0,0,972,23:24,504,504,0,0,0,0,100,75.0,23.671255111694336,18.5
2016-01-12,0,0.0,2295,1773,12795,9,0,0,784,0,135,0,919,00:15,453,453,0,0,0,0,100,75.0,23.671255111694336,18.5
2016-01-13,0,0.0,1852,1773,4052,3,0,0,915,72,0,0,987,22:52,521,521,0,0,0,0,100,75.0,23.671255111694336,18.5
2016-01-14,0,0.0,1937,1773,7061,5,0,0,888,103,0,0,991,00:08,447,447,0,0,0,0,100,75.0,23.671255111694336,18.5
2016-01-15,0,0.0,1973,1773,8219,6,0,0,847,120,0,0,967,23:58,475,475,0,0,0,0,100,75.0,23.671255111694336,18.5
2016-01-16,0,0.0,1909,1773,5468,4,0,0,796,83,0,0,879,00:34,532,532,0,0,0,0,100,75.0,23.671255111694336,18.5
2016-01-17,0,0.0,2695,1773,17560,13,0,0,814,0,156,1,971,23:31,463,463,0,0,0,0,100,75.0,23.671255111694336,18.5
2016-01-18,0,0.0,1944,1773,7627,6,0,0,921,115,0,0,1036,23:25,439,439,0,0,0,0,100,75.0,23.671255111694336,18.5
2016-01-19,0,0.0,2350,1773,12651,9,0,0,835,0,132,0,967,00:12,444,444,0,0,0,0,100,75.0,23.671255111694336,18.5
2016-01-20,0,0.0,1969,1773,7609,6,0,0,855,101,0,0,956,23:31,513,513,0,0,0,0,100,75.0,23.671255111694336,18.5
2016-01-21,0,0.0,1980,1773,8578,6,0,0,866,121,0,0,987,00:11,447,447,0,0,0,0,100,75.0,23.671255111694336,18.5
2016-01-22,0,0.0,1958,1773,7436,5,0,0,859,106,0,0,965,23:54,465,465,0,0,0,0,100,75.0,23.671255111694336,18.5
2016-01-23,0,0.0,2519,1773,16496,12,0,0,882,0,165,0,1047,23:44,404,404,0,0,0,0,100,75.0,23.671255111694336,18.5
2016-01-24,0,0.0,2966,1773,22950,17,0,0,768,0,0,188,956,23:55,437,437,0,0,0,0,100,75.0,23.671255111694336,18.5
2016-01-25,0,0.0,1995,1773,8329,6,0,0,839,111,0,0,950,23:08,522,522,0,0,0,0,100,75.0,23.671255111694336,18.5
2016-01-26,0,0.0,1871,1773,4065,3,0,0,867,66,0,0,933,23:40,488,488,0,0,0,0,100,75.0,23.671255111694336,18.5
2016-01-27,0,0.0,1887,1773,4697,3,0,0,885,72,0,0,957,23:21,490,490,0,0,0,0,100,75.0,23.671255111694336,18.5
2016-01-28,0,0.0,1988,1773,9011,7,0,0,863,130,0,0,993,23:28,479,479,0,0,0,0,100,75.0,23.671255111694336,18.5
2016-01-29,0,0.0,2297,1773,13062,10,0,0,1284,0,145,0,1429,,0,0,0,0,0,0,0,75.0,23.671255111694336,18.5
2016-01-30,0,0.0,1969,1773,7155,5,0,0,867,84,0,0,951,23:49,500,500,0,0,0,0,100,75.0,23.671255111694336,18.5
2016-01-31,0,0.0,1936,1773,6069,4,0,0,1326,82,0,0,1408,,0,0,0,0,0,0,0,75.0,23.671255111694336,18.5
2016-02-01,0,0.0,1991,1773,8019,6,0,0,892,102,0,0,994,23:28,478,478,0,0,0,0,100,75.0,23.671255111694336,18.5
2016-02-02,0,0.0,2184,1773,9001,7,0,0,915,0,95,0,1010,00:36,428,428,0,0,0,0,100,75.0,23.671255111694336,18.5
2016-02-03,0,0.0,2023,1773,9208,7,0,0,839,122,0,0,961,23:58,481,481,0,0,0,0,100,75.0,23.671255111694336,18.5
2016-02-04,0,0.0,1962,1773,7541,6,0,0,928,105,0,0,1033,00:13,407,407,0,0,0,0,100,75.0,23.671255111694336,18.5
2016-02-05,0,0.0,1940,1773,7244,5,0,0,892,109,0,0,1001,00:18,439,439,0,0,0,0,100,75.0,23.671255111694336,18.5
2016-02-06,0,0.0,2087,1773,10291,8,0,0,710,116,0,0,826,00:59,483,483,0,0,0,0,100,75.0,23.671255111694336,18.5
2016-02-07,0,0.0,1814,1773,1886,1,0,0,867,37,0,0,904,21:49,654,654,0,0,0,0,100,75.0,23.671255111694336,18.5
2016-02-08,0,0.0,1990,1773,8225,6,0,0,874,110,0,0,984,23:47,459,459,0,0,0,0,100,75.0,23.671255111694336,18.5
2016-02-09,0,0.0,1937,1773,6990,5,0,0,828,107,0,0,935,23:50,472,472,0,0,0,0,100,75.0,23.671255111694336,18.5
2016-02-10,0,0.0,1990,1773,7492,6,0,0,818,90,0,0,908,23:17,478,478,0,0,0,0,100,75.0,23.671255111694336,18.5
2016-02-11,0,0.0,1856,1773,3979,3,0,0,930,69,0,0,999,22:23,514,514,0,0,0,0,100,75.0,23.671255111694336,18.5
2016-02-12,0,0.0,2057,1773,11009,8,0,0,823,150,0,0,973,23:36,491,491,0,0,0,0,100,75.0,23.671255111694336,18.5
2016-02-13,0,0.0,1974,1773,7582,6,0,0,806,95,0,0,901,00:28,539,539,0,0,0,0,100,75.0,23.671255111694336,18.5
2016-02-14,0,0.0,1906,1773,5195,4,0,0,1334,72,0,0,1406,,0,0,0,0,0,0,0,75.0,23.671255111694336,18.5
2016-02-15,0,0.0,1950,1773,5675,4,0,0,904,70,0,0,974,23:26,500,500,0,0,0,0,100,75.0,23.671255111694336,18.5
2016-02-16,0,0.0,1975,1773,7676,6,0,0,844,110,0,0,954,00:03,450,450,0,0,0,0,100,75.0,23.671255111694336,18.5
2016-02-17,0,0.0,1854,1773,4007,3,0,0,960,68,0,0,1028,23:24,448,448,0,0,0,0,100,75.0,23.671255111694336,18.5
2016-02-18,0,0.0,1913,1773,5775,4,0,0,914,81,0,0,995,00:59,401,401,0,0,0,0,100,75.0,23.671255111694336,18.5
2016-02-19,0,0.0,2047,1773,10818,8,0,0,800,140,0,0,940,23:16,510,510,0,0,0,0,100,75.0,23.671255111694336,18.5
2016-02-20,0,0.0,2072,1773,10563,8,0,0,817,121,0,0,938,23:26,536,536,0,0,0,0,100,75.0,23.671255111694336,18.5
2016-02-21,0,0.0,2216,1773,10583,8,0,0,826,0,108,0,934,00:21,470,470,0,0,0,0,100,75.0,23.671255111694336,18.5
2016-02-22,0,0.0,2015,1773,9233,7,0,0,855,117,0,0,972,23:24,487,487,0,0,0,0,100,75.0,23.671255111694336,18.5
2016-02-23,0,0.0,1997,1773,9666,7,0,0,833,140,0,0,973,23:43,484,484,0,0,0,0,100,75.0,23.671255111694336,18.5
2016-02-24,0,0.0,1925,1773,6493,5,0,0,917,93,0,0,1010,00:07,422,422,0,0,0,0,100,75.0,23.671255111694336,18.5
2016-02-25,0,0.0,1923,1773,5821,4,0,0,1087,79,0,0,1166,23:52,282,282,0,0,0,0,100,75.0,23.671255111694336,18.5
2016-02-26,0,0.0,1760,1773,0,0,0,0,1440,0,0,0,1440,,0,0,0,0,0,0,0,75.0,23.671255111694336,18.5
2016-02-27,0,0.0,1820,1773,2407,2,0,0,1399,41,0,0,1440,,0,0,0,0,0,0,0,75.0,23.671255111694336,18.5
2016-02-28,0,0.0,1891,1773,4674,3,0,0,844,67,0,0,911,00:13,529,529,0,0,0,0,100,75.0,23.671255111694336,18.5
2016-02-29,0,0.0,1964,1773,7510,6,0,0,1138,96,0,0,1234,00:01,206,206,0,0,0,0,100,75.0,23.671255111694336,18.5
2016-03-01,0,0.0,1856,1773,4165,3,0,0,915,73,0,0,988,00:15,452,452,0,0,0,0,100,75.0,23.671255111694336,18.5
2016-03-02,0,0.0,1882,1773,5543,4,0,0,1345,94,0,0,1439,,0,0,0,0,0,0,0,75.0,23.671255111694336,18.5
2016-03-03,0,0.0,1931,1773,5983,4,0,0,893,85,0,0,978,23:59,446,446,0,0,0,0,100,75.0,23.671255111694336,18.5
2016-03-04,0,0.0,1976,1773,8660,6,0,0,854,130,0,0,984,23:43,473,473,0,0,0,0,100,75.0,23.671255111694336,18.5
2016-03-05,0,0.0,1978,1773,7316,5,0,0,881,89,0,0,970,00:05,470,470,0,0,0,0,100,75.0,23.671255111694336,18.5
2016-03-06,0,0.0,1836,1773,2818,2,0,0,1393,47,0,0,1440,,0,0,0,0,0,0,0,75.0,23.671255111694336,18.5
2016-03-07,0,0.0,1981,1773,8119,6,0,0,876,114,0,0,990,00:12,450,450,0,0,0,0,100,75.0,23.671255111694336,18.5
2016-03-08,0,0.0,2286,1773,12993,10,0,0,895,0,141,0,1036,00:34,396,396,0,0,0,0,100,75.0,23.671255111694336,18.5
2016-03-09,0,0.0,1947,1773,7084,5,0,0,865,97,0,0,962,23:52,486,486,0,0,0,0,100,75.0,23.671255111694336,18.5
2016-03-10,0,0.0,2034,1773,9911,7,0,0,880,124,0,0,1004,00:36,436,436,0,0,0,0,100,75.0,23.671255111694336,18.5
2016-03-11,0,0.0,1922,1773,6388,5,0,0,1338,102,0,0,1440,,0,0,0,0,0,0,0,75.0,23.671255111694336,18.5
2016-03-12,0,0.0,2082,1773,12287,9,0,0,782,161,0,0,943,00:22,497,497,0,0,0,0,100,75.0,23.671255111694336,18.5
2016-03-13,0,0.0,2643,1773,20440,15,0,0,806,0,190,0,996,00:01,422,422,0,0,0,0,100,75.0,23.671255111694336,18.5
2016-03-14,0,0.0,1904,1773,5471,4,0,0,875,83,0,0,958,23:38,491,491,0,0,0,0,100,75.0,23.671255111694336,18.5
2016-03-15,0,0.0,1966,1773,7904,6,0,0,933,108,0,0,1041,23:47,412,412,0,0,0,0,100,75.0,23.671255111694336,18.5
2016-03-16,0,0.0,1774,1773,155,0,0,0,1336,0,0,0,1336,06:41,104,104,0,0,0,0,100,75.0,23.671255111694336,18.5
2016-03-17,0,0.0,1850,1773,2813,2,0,0,1394,46,0,0,1440,,0,0,0,0,0,0,0,75.0,23.671255111694336,18.5
2016-03-18,0,0.0,1867,1773,4256,3,0,0,1375,65,0,0,1440,,0,0,0,0,0,0,0,75.0,23.671255111694336,18.5
2016-03-19,0,0.0,2283,1773,15548,11,0,0,746,178,0,0,924,00:15,516,516,0,0,0,0,100,75.0,23.671255111694336,18.5
2016-03-20,0,0.0,2781,1773,19510,14,0,0,834,0,174,0,1008,00:19,428,428,0,0,0,0,100,75.0,23.671255111694336,18.5
2016-03-21,0,0.0,1855,1773,3268,2,0,0,963,41,0,0,1004,23:56,440,440,0,0,0,0,100,75.0,23.671255111694336,18.5
2016-03-22,0,0.0,1906,1773,5539,4,0,0,846,80,0,0,926,00:17,450,450,0,0,0,0,100,75.0,23.671255111694336,18.5
2016-03-23,0,0.0,1918,1773,5850,4,0,0,985,86,0,0,1071,22:56,433,433,0,0,0,0,100,75.0,23.671255111694336,18.5
2016-03-24,0,0.0,1997,1773,9807,7,0,0,855,139,0,0,994,00:13,446,446,0,0,0,0,100,75.0,23.671255111694336,18.5
2016-03-25,0,0.0,2001,1773,9491,7,0,0,898,129,0,0,1027,00:53,413,413,0,0,0,0,100,75.0,23.671255111694336,18.5
2016-03-26,0,0.0,2104,1773,12719,9,0,0,779,151,0,0,930,00:34,510,510,0,0,0,0,100,75.0,23.671255111694336,18.5
2016-03-27,0,0.0,1915,1773,6346,5,0,0,910,97,0,0,1007,00:38,433,433,0,0,0,0,100,75.0,23.671255111694336,18.5
2016-03-28,0,0.0,2594,1773,19835,15,0,0,829,0,187,0,1016,01:19,424,424,0,0,0,0,100,75.0,23.671255111694336,18.5
2016-03-29,0,0.0,1960,1773,7107,5,0,0,865,98,0,0,963,00:50,477,477,0,0,0,0,100,75.0,23.671255111694336,18.5
2016-03-30,0,0.0,1997,1773,9873,7,0,0,820,145,0,0,965,00:57,475,475,0,0,0,0,100,75.0,23.671255111694336,18.5
2016-03-31,0,0.0,2030,1773,9756,7,0,0,870,121,0,0,991,01:22,449,449,0,0,0,0,100,75.0,23.671255111694336,18.5
2016-04-01,0,0.0,2019,1773,9934,7,0,0,947,140,0,0,1087,01:26,353,353,0,0,0,0,100,75.0,23.671255111694336,18.5
2016-04-02,0,0.0,2097,1773,12885,10,0,0,1278,162,0,0,1440,,0,0,0,0,0,0,0,75.0,23.671255111694336,18.5
2016-04-03,0,0.0,2679,1773,16756,12,0,0,917,0,0,144,1061,01:52,379,379,0,0,0,0,100,75.0,23.671255111694336,18.5
2016-04-04,0,0.0,1938,1773,7090,5,0,0,864,99,0,0,963,00:49,477,477,0,0,0,0,100,75.0,23.671255111694336,18.5
2016-04-05,0,0.0,1840,1773,2898,2,0,0,933,42,0,0,975,00:59,465,465,0,0,0,0,100,75.0,23.671255111694336,18.5
2016-04-06,0,0.0,1760,1773,,0,0,0,1440,0,0,0,1440,,0,0,0,0,0,0,0,75.0,23.671255111694336,18.5
2016-04-07,0,0.0,1760,1773,,0,0,0,1440,0,0,0,1440,,0,0,0,0,0,0,0,75.0,23.671255111694336,18.5
2016-04-08,0,0.0,1760,1773,,0,0,0,1440,0,0,0,1440,,0,0,0,0,0,0,0,75.0,23.671255111694336,18.5
2016-04-09,0,0.0,1760,1773,,0,0,0,1440,0,0,0,1440,,0,0,0,0,0,0,0,75.0,23.671255111694336,18.5
2016-04-10,0,0.0,1760,1773,,0,0,0,1440,0,0,0,1440,,0,0,0,0,0,0,0,75.0,23.671255111694336,18.5
2016-04-11,0,0.0,1760,1773,,0,0,0,1440,0,0,0,1440,,0,0,0,0,0,0,0,75.0,23.671255111694336,18.5
2016-04-12,0,0.0,1760,1773,,0,0,0,1440,0,0,0,1440,,0,0,0,0,0,0,0,75.0,23.671255111694336,18.5
2016-04-13,0,0.0,1760,1773,,0,0,0,1440,0,0,0,1440,,0,0,0,0,0,0,0,75.0,23.671255111694336,18.5
2016-04-14,0,0.0,1760,1773,,0,0,0,1440,0,0,0,1440,,0,0,0,0,0,0,0,75.0,23.671255111694336,18.5
2016-04-15,0,0.0,1773,1773,,0,0,0,1440,0,0,0,1440,,0,0,0,0,0,0,0,75.0,23.671255111694336,18.5
2016-04-16,0,0.0,1773,1773,,0,0,0,1440,0,0,0,1440,,0,0,0,0,0,0,0,75.0,23.671255111694336,18.5
2016-04-17,0,0.0,1773,1773,,0,0,0,1440,0,0,0,1440,,0,0,0,0,0,0,0,75.0,23.671255111694336,18.5
2016-04-18,0,0.0,1773,1773,,0,0,0,1440,0,0,0,1440,,0,0,0,0,0,0,0,75.0,23.671255111694336,18.5
2016-04-19,0,0.0,1773,1773,,0,0,0,1440,0,0,0,1440,,0,0,0,0,0,0,0,75.0,23.671255111694336,18.5
2016-04-20,0,0.0,1773,1773,,0,0,0,1440,0,0,0,1440,,0,0,0,0,0,0,0,75.0,23.671255111694336,18.5
2016-04-21,0,0.0,1773,1773,,0,0,0,1440,0,0,0,1440,,0,0,0,0,0,0,0,75.0,23.671255111694336,18.5
2016-04-22,0,0.0,1773,1773,,0,0,0,1440,0,0,0,1440,,0,0,0,0,0,0,0,75.0,23.671255111694336,18.5
2016-04-23,0,0.0,1773,1773,,0,0,0,1440,0,0,0,1440,,0,0,0,0,0,0,0,75.0,23.671255111694336,18.5
2016-04-24,0,0.0,1773,1773,,0,0,0,1440,0,0,0,1440,,0,0,0,0,0,0,0,75.0,23.671255111694336,18.5
2016-04-25,0,0.0,1773,1773,,0,0,0,1440,0,0,0,1440,,0,0,0,0,0,0,0,75.0,23.671255111694336,18.5
2016-04-26,0,0.0,1773,1773,,0,0,0,1440,0,0,0,1440,,0,0,0,0,0,0,0,75.0,23.671255111694336,18.5
2016-04-27,0,0.0,1773,1773,,0,0,0,1440,0,0,0,1440,,0,0,0,0,0,0,0,75.0,23.671255111694336,18.5
2016-04-28,0,0.0,1773,1773,,0,0,0,1440,0,0,0,1440,,0,0,0,0,0,0,0,75.0,23.671255111694336,18.5
2016-04-29,0,0.0,1773,1773,,0,0,0,1440,0,0,0,1440,,0,0,0,0,0,0,0,75.0,23.671255111694336,18.5
2016-04-30,0,0.0,1773,1773,,0,0,0,1440,0,0,0,1440,,0,0,0,0,0,0,0,75.0,23.671255111694336,18.5
2016-05-01,0,0.0,1773,1773,,0,0,0,1440,0,0,0,1440,,0,0,0,0,0,0,0,75.0,23.671255111694336,18.5
2016-05-02,0,0.0,1773,1773,,0,0,0,1440,0,0,0,1440,,0,0,0,0,0,0,0,75.0,23.671255111694336,18.5
2016-05-03,0,0.0,1773,1773,,0,0,0,1440,0,0,0,1440,,0,0,0,0,0,0,0,75.0,23.671255111694336,18.5
2016-05-04,0,0.0,1879,1773,3251,2,0,0,1042,0,34,0,1076,02:16,364,364,0,0,0,0,100,75.0,23.671255111694336,18.5
2016-05-05,0,0.0,2068,1773,7945,6,0,0,1338,102,0,0,1440,,0,0,0,0,0,0,0,75.0,23.671255111694336,18.5
2016-05-06,0,0.0,2315,1773,14324,11,0,0,836,183,0,0,1019,01:18,421,421,0,0,0,0,100,75.0,23.671255111694336,18.5
2016-05-07,0,0.0,2282,1773,14198,10,0,0,1252,188,0,0,1440,,0,0,0,0,0,0,0,75.0,23.671255111694336,18.5
2016-05-08,0,0.0,2534,1773,21264,16,0,0,737,0,243,0,980,01:24,460,460,0,0,0,0,100,75.0,23.671255111694336,18.5
2016-05-09,0,0.0,2043,1773,6597,5,0,0,900,95,0,0,995,00:42,445,445,0,0,0,0,100,75.0,23.671255111694336,18.5
2016-05-10,0,0.0,2104,1773,8236,6,0,0,914,111,0,0,1025,01:50,415,415,0,0,0,0,100,75.0,23.671255111694336,18.5
2016-05-11,0,0.0,1974,1773,5072,4,0,0,909,80,0,0,989,01:04,451,451,0,0,0,0,100,75.0,23.671255111694336,18.5
2016-05-12,0,0.0,2137,1773,9491,7,0,0,1318,122,0,0,1440,,0,0,0,0,0,0,0,75.0,23.671255111694336,18.5
2016-05-13,0,0.0,2297,1773,14007,10,0,0,801,193,0,0,994,01:11,446,446,0,0,0,0,100,75.0,23.671255111694336,18.5
2016-05-14,0,0.0,2261,1773,11700,9,0,0,804,0,145,0,949,01:58,491,491,0,0,0,0,100,75.0,23.671255111694336,18.5
2016-05-15,0,0.0,2811,1773,19893,15,0,0,849,0,171,1,1021,01:42,419,419,0,0,0,0,100,75.0,23.671255111694336,18.5
2016-05-16,0,0.0,2214,1773,11632,9,0,0,809,149,0,0,958,00:27,482,482,0,0,0,0,100,75.0,23.671255111694336,18.5
2016-05-17,0,0.0,2134,1773,10316,8,0,0,901,127,0,0,1028,01:43,412,412,0,0,0,0,100,75.0,23.671255111694336,18.5
2016-05-18,0,0.0,2025,1773,6233,5,0,0,845,0,75,0,920,00:55,460,460,0,0,0,0,100,75.0,23.671255111694336,18.5
2016-05-19,0,0.0,2048,1773,6363,5,0,0,887,0,88,0,975,23:00,525,525,0,0,0,0,100,75.0,23.671255111694336,18.5
2016-05-20,0,0.0,2248,1773,12432,9,0,0,1272,168,0,0,1440,,0,0,0,0,0,0,0,75.0,23.671255111694336,18.5
2016-05-21,0,0.0,2251,1773,14206,10,0,0,862,187,0,0,1049,01:43,391,391,0,0,0,0,100,75.0,23.671255111694336,18.5
2016-05-22,0,0.0,2407,1773,19810,15,0,0,795,240,0,0,1035,01:13,390,390,0,0,0,0,100,75.0,23.671255111694336,18.5
2016-05-23,0,0.0,2231,1773,11899,9,0,0,820,0,147,0,967,23:45,488,488,0,0,0,0,100,75.0,23.671255111694336,18.5
2016-05-24,0,0.0,2406,1773,16839,12,0,0,748,212,0,0,960,00:44,480,480,0,0,0,0,100,75.0,23.671255111694336,18.5
2016-05-25,0,0.0,2204,1773,11955,9,0,0,1274,166,0,0,1440,,0,0,0,0,0,0,0,75.0,23.671255111694336,18.5
2016-05-26,0,0.0,2233,1773,9896,7,0,0,895,0,135,0,1030,01:48,410,410,0,0,0,0,100,75.0,23.671255111694336,18.5
2016-05-27,0,0.0,2222,1773,11512,9,0,0,1281,159,0,0,1440,,0,0,0,0,0,0,0,75.0,23.671255111694336,18.5
2016-05-28,0,0.0,2725,1773,32069,24,0,0,632,379,0,0,1011,00:43,429,429,0,0,0,0,100,75.0,23.671255111694336,18.5
2016-05-29,0,0.0,2017,1773,6535,5,0,0,1360,80,0,0,1440,,0,0,0,0,0,0,0,75.0,23.671255111694336,18.5
2016-05-30,0,0.0,2067,1773,7894,6,0,0,858,103,0,0,961,00:49,479,479,0,0,0,0,100,75.0,23.671255111694336,18.5
2016-05-31,0,0.0,2124,1773,8251,6,0,0,885,116,0,0,1001,01:17,439,439,0,0,0,0,100,75.0,23.671255111694336,18.5
2016-06-01,0,0.0,2049,1773,6451,5,0,0,886,102,0,0,988,01:01,452,452,0,0,0,0,100,75.0,23.671255111694336,18.5
2016-06-02,0,0.0,2047,1773,6547,5,0,0,914,96,0,0,1010,01:58,430,430,0,0,0,0,100,75.0,23.671255111694336,18.5
2016-06-03,0,0.0,1961,1773,3608,3,0,0,874,0,52,0,926,01:17,514,514,0,0,0,0,100,75.0,23.671255111694336,18.5
2016-06-04,0,0.0,1760,1773,0,0,0,0,1440,0,0,0,1440,,0,0,0,0,0,0,0,75.0,23.671255111694336,18.5
2016-06-05,0,0.0,1760,1773,0,0,0,0,1440,0,0,0,1440,,0,0,0,0,0,0,0,75.0,23.671255111694336,18.5
2016-06-06,0,0.0,1760,1773,0,0,0,0,1440,0,0,0,1440,,0,0,0,0,0,0,0,75.0,23.671255111694336,18.5
2016-06-07,0,0.0,2170,1773,9017,7,0,0,873,0,122,0,995,00:57,445,445,0,0,0,0,100,75.0,23.671255111694336,18.5
2016-06-08,0,0.0,2115,1773,8917,7,0,0,871,119,0,0,990,01:14,450,450,0,0,0,0,100,75.0,23.671255111694336,18.5
2016-06-09,0,0.0,2192,1773,11096,8,0,0,891,0,125,0,1016,01:27,424,424,0,0,0,0,100,75.0,23.671255111694336,18.5
2016-06-10,0,0.0,2257,1773,12394,9,0,0,874,162,0,0,1036,01:21,404,404,0,0,0,0,100,75.0,23.671255111694336,18.5
2016-06-11,0,0.0,1825,1773,1061,1,0,0,1427,0,13,0,1440,,0,0,0,0,0,0,0,75.0,23.671255111694336,18.5
2016-06-12,0,0.0,1795,1773,310,0,0,0,1439,1,0,0,1440,,0,0,0,0,0,0,0,75.0,23.671255111694336,18.5
2016-06-13,0,0.0,2077,1773,6047,4,0,0,852,0,86,0,938,00:28,502,502,0,0,0,0,100,75.0,23.671255111694336,18.5
2016-06-14,0,0.0,2161,1773,9435,7,0,0,876,0,110,0,986,01:06,454,454,0,0,0,0,100,75.0,23.671255111694336,18.5
2016-06-15,0,0.0,2002,1773,5347,4,0,0,920,85,0,0,1005,01:10,435,435,0,0,0,0,100,75.0,23.671255111694336,18.5
2016-06-16,0,0.0,2105,1773,8332,6,0,0,906,120,0,0,1026,01:25,414,414,0,0,0,0,100,75.0,23.671255111694336,18.5
2016-06-17,0,0.0,2135,1773,7993,6,0,0,902,122,0,0,1024,01:23,416,416,0,0,0,0,100,75.0,23.671255111694336,18.5
2016-06-18,0,0.0,2351,1773,17209,13,0,0,1213,227,0,0,1440,,0,0,0,0,0,0,0,75.0,23.671255111694336,18.5
2016-06-19,0,0.0,2233,1773,13487,10,0,0,729,179,0,0,908,00:38,532,532,0,0,0,0,100,75.0,23.671255111694336,18.5
2016-06-20,0,0.0,2157,1773,10457,8,0,0,749,142,0,0,891,00:28,549,549,0,0,0,0,100,75.0,23.671255111694336,18.5
2016-06-21,0,0.0,2108,1773,9847,7,0,0,1315,125,0,0,1440,,0,0,0,0,0,0,0,75.0,23.671255111694336,18.5
2016-06-22,0,0.0,2112,1773,10215,8,0,0,797,133,0,0,930,00:02,510,510,0,0,0,0,100,75.0,23.671255111694336,18.5
2016-06-23,0,0.0,2065,1773,7249,5,0,0,938,103,0,0,1041,01:59,399,399,0,0,0,0,100,75.0,23.671255111694336,18.5
2016-06-24,0,0.0,2268,1773,13540,10,0,0,851,177,0,0,1028,00:48,412,412,0,0,0,0,100,75.0,23.671255111694336,18.5
2016-06-25,0,0.0,2564,1773,18956,14,0,0,844,0,218,0,1062,01:29,378,378,0,0,0,0,100,75.0,23.671255111694336,18.5
2016-06-26,0,0.0,1971,1773,4314,3,0,0,1372,68,0,0,1440,,0,0,0,0,0,0,0,75.0,23.671255111694336,18.5
2016-06-27,0,0.0,2147,1773,8258,6,0,0,866,0,109,0,975,00:36,465,465,0,0,0,0,100,75.0,23.671255111694336,18.5
2016-06-28,0,0.0,2106,1773,7529,6,0,0,920,0,101,0,1021,01:32,419,419,0,0,0,0,100,75.0,23.671255111694336,18.5
2016-06-29,0,0.0,2073,1773,6369,5,0,0,876,101,0,0,977,00:59,463,463,0,0,0,0,100,75.0,23.671255111694336,18.5
2016-06-30,0,0.0,2383,1773,14030,10,0,0,874,0,139,0,1013,01:10,427,427,0,0,0,0,100,75.0,23.671255111694336,18.5
2016-07-01,0,0.0,2424,1773,14789,11,0,0,814,0,166,0,980,00:59,460,460,0,0,0,0,100,75.0,23.671255111694336,18.5
2016-07-02,0,0.0,2294,1773,13939,10,0,0,834,174,0,0,1008,01:22,432,432,0,0,0,0,100,75.0,23.671255111694336,18.5
2016-07-03,0,0.0,2004,1773,4958,4,0,0,1364,76,0,0,1440,,0,0,0,0,0,0,0,75.0,23.671255111694336,18.5
2016-07-04,0,0.0,2173,1773,11042,8,0,0,871,149,0,0,1020,01:27,420,420,0,0,0,0,100,75.0,23.671255111694336,18.5
2016-07-05,0,0.0,2168,1773,10190,8,0,0,914,138,0,0,1052,01:18,388,388,0,0,0,0,100,75.0,23.671255111694336,18.5
2016-07-06,0,0.0,2277,1773,11155,8,0,0,904,0,137,0,1041,01:10,399,399,0,0,0,0,100,75.0,23.671255111694336,18.5
2016-07-07,0,0.0,2144,1773,9033,7,0,0,911,123,0,0,1034,01:50,406,406,0,0,0,0,100,75.0,23.671255111694336,18.5
2016-07-08,0,0.0,2373,1773,16866,12,0,0,779,216,0,0,995,00:57,445,445,0,0,0,0,100,75.0,23.671255111694336,18.5
2016-07-09,0,0.0,2570,1773,26648,20,0,0,814,326,0,0,1140,01:32,300,300,0,0,0,0,100,75.0,23.671255111694336,18.5
2016-07-10,0,0.0,2572,1773,28282,21,0,0,677,345,0,0,1022,00:33,418,418,0,0,0,0,100,75.0,23.671255111694336,18.5
2016-07-11,0,0.0,2026,1773,6347,5,0,0,891,98,0,0,989,00:43,451,451,0,0,0,0,100,75.0,23.671255111694336,18.5
2016-07-12,0,0.0,2105,1773,9007,7,0,0,890,133,0,0,1023,01:20,417,417,0,0,0,0,100,75.0,23.671255111694336,18.5
2016-07-13,0,0.0,2093,1773,7615,6,0,0,903,108,0,0,1011,01:11,429,429,0,0,0,0,100,75.0,23.671255111694336,18.5
2016-07-14,0,0.0,2161,1773,10041,7,0,0,887,127,0,0,1014,01:08,426,426,0,0,0,0,100,75.0,23.671255111694336,18.5
2016-07-15,0,0.0,2217,1773,12700,9,0,0,865,163,0,0,1028,01:24,412,412,0,0,0,0,100,75.0,23.671255111694336,18.5
2016-07-16,0,0.0,2590,1773,25692,19,0,0,835,327,0,0,1162,01:22,278,278,0,0,0,0,100,75.0,23.671255111694336,18.5
2016-07-17,0,0.0,2555,1773,26422,20,0,0,641,327,0,0,968,00:13,472,472,0,0,0,0,100,75.0,23.671255111694336,18.5
2016-07-18,0,0.0,2222,1773,9843,7,0,0,852,0,134,0,986,00:54,454,454,0,0,0,0,100,75.0,23.671255111694336,18.5
2016-07-19,0,0.0,2098,1773,8506,6,0,0,863,121,0,0,984,00:59,456,456,0,0,0,0,100,75.0,23.671255111694336,18.5
2016-07-20,0,0.0,2102,1773,7868,6,0,0,885,109,0,0,994,01:13,446,446,0,0,0,0,100,75.0,23.671255111694336,18.5
2016-07-21,0,0.0,2195,1773,11274,8,0,0,868,148,0,0,1016,01:26,424,424,0,0,0,0,100,75.0,23.671255111694336,18.5
2016-07-22,0,0.0,2118,1773,8447,6,0,0,874,133,0,0,1007,00:49,433,433,0,0,0,0,100,75.0,23.671255111694336,18.5
2016-07-23,0,0.0,2082,1773,5757,4,0,0,899,0,80,0,979,01:27,461,461,0,0,0,0,100,75.0,23.671255111694336,18.5
2016-07-24,0,0.0,2162,1773,8950,7,0,0,859,127,0,0,986,01:15,454,454,0,0,0,0,100,75.0,23.671255111694336,18.5
2016-07-25,0,0.0,2288,1773,12578,9,0,0,965,170,0,0,1135,00:30,305,305,0,0,0,0,100,75.0,23.671255111694336,18.5
2016-07-26,0,0.0,2275,1773,12081,9,0,0,942,178,0,0,1120,03:49,320,320,0,0,0,0,100,75.0,23.671255111694336,18.5
2016-07-27,0,0.0,2231,1773,9777,7,0,0,1067,0,130,0,1197,02:48,243,243,0,0,0,0,100,75.0,23.671255111694336,18.5
2016-07-28,0,0.0,2373,1773,14020,10,0,0,1247,0,193,0,1440,,0,0,0,0,0,0,0,75.0,23.671255111694336,18.5
2016-07-29,0,0.0,2221,1773,10155,8,0,0,939,148,0,0,1087,01:54,353,353,0,0,0,0,100,75.0,23.671255111694336,18.5
2016-07-30,0,0.0,2094,1773,7517,6,0,0,1337,0,103,0,1440,,0,0,0,0,0,0,0,75.0,23.671255111694336,18.5
2016-07-31,0,0.0,2166,1773,10800,8,0,0,1301,139,0,0,1440,,0,0,0,0,0,0,0,75.0,23.671255111694336,18.5
2016-08-01,0,0.0,2098,1773,8125,6,0,0,854,111,0,0,965,00:58,475,475,0,0,0,0,100,75.0,23.671255111694336,18.5
2016-08-02,0,0.0,2255,1773,14268,11,0,0,837,190,0,0,1027,01:51,413,413,0,0,0,0,100,75.0,23.671255111694336,18.5
2016-08-03,0,0.0,2621,1773,29027,21,0,0,553,334,0,0,887,01:07,553,553,0,0,0,0,100,75.0,23.671255111694336,18.5
2016-08-04,0,0.0,2349,1773,15747,12,0,0,1231,209,0,0,1440,,0,0,0,0,0,0,0,75.0,23.671255111694336,18.5
2016-08-05,0,0.0,2557,1773,22981,17,0,0,698,291,0,0,989,00:50,451,451,0,0,0,0,100,75.0,23.671255111694336,18.5
2016-08-06,0,0.0,2524,1773,21718,16,0,0,1156,284,0,0,1440,,0,0,0,0,0,0,0,75.0,23.671255111694336,18.5
2016-08-07,0,0.0,2520,1773,22802,17,0,0,634,298,0,0,932,01:41,508,508,0,0,0,0,100,75.0,23.671255111694336,18.5
2016-08-08,0,0.0,2430,1773,17462,13,0,0,751,0,205,0,956,01:09,484,484,0,0,0,0,100,75.0,23.671255111694336,18.5
2016-08-09,0,0.0,2477,1773,22002,16,0,0,1177,263,0,0,1440,,0,0,0,0,0,0,0,75.0,23.671255111694336,18.5
2016-08-10,0,0.0,2358,1773,19005,14,0,0,652,234,0,0,886,01:14,554,554,0,0,0,0,100,75.0,23.671255111694336,18.5
2016-08-11,0,0.0,2430,1773,21646,16,0,0,631,272,0,0,903,01:09,537,537,0,0,0,0,100,75.0,23.671255111694336,18.5
2016-08-12,0,0.0,2499,1773,18806,14,0,0,860,0,234,0,1094,02:22,346,346,0,0,0,0,100,75.0,23.671255111694336,18.5
2016-08-13,0,0.0,2302,1773,14775,11,0,0,1254,186,0,0,1440,,0,0,0,0,0,0,0,75.0,23.671255111694336,18.5
2016-08-14,0,0.0,2404,1773,20149,15,0,0,1186,254,0,0,1440,,0,0,0,0,0,0,0,75.0,23.671255111694336,18.5
2016-08-15,0,0.0,2519,1773,24996,18,0,0,621,306,0,0,927,00:55,513,513,0,0,0,0,100,75.0,23.671255111694336,18.5
2016-08-16,0,0.0,2354,1773,19275,14,0,0,674,230,0,0,904,01:00,536,536,0,0,0,0,100,75.0,23.671255111694336,18.5
2016-08-17,0,0.0,2238,1773,14622,11,0,0,718,182,0,0,900,00:37,540,540,0,0,0,0,100,75.0,23.671255111694336,18.5
2016-08-18,0,0.0,2235,1773,13316,10,0,0,778,171,0,0,949,00:50,491,491,0,0,0,0,100,75.0,23.671255111694336,18.5
2016-08-19,0,0.0,1982,1773,4080,3,0,0,978,70,0,0,1048,01:32,392,392,0,0,0,0,100,75.0,23.671255111694336,18.5
2016-08-20,0,0.0,2118,1773,8431,6,0,0,894,124,0,0,1018,01:13,422,422,0,0,0,0,100,75.0,23.671255111694336,18.5
2016-08-21,0,0.0,1970,1773,4723,3,0,0,1357,83,0,0,1440,,0,0,0,0,0,0,0,75.0,23.671255111694336,18.5
2016-08-22,0,0.0,2142,1773,7654,6,0,0,915,0,108,0,1023,01:39,417,417,0,0,0,0,100,75.0,23.671255111694336,18.5
2016-08-23,0,0.0,2199,1773,10442,8,0,0,835,140,0,0,975,00:55,465,465,0,0,0,0,100,75.0,23.671255111694336,18.5
2016-08-24,0,0.0,2039,1773,6355,5,0,0,1350,90,0,0,1440,,0,0,0,0,0,0,0,75.0,23.671255111694336,18.5
2016-08-25,0,0.0,2417,1773,15340,11,0,0,778,0,208,0,986,00:53,454,454,0,0,0,0,100,75.0,23.671255111694336,18.5
2016-08-26,0,0.0,2210,1773,9900,7,0,0,975,0,139,0,1114,01:53,326,326,0,0,0,0,100,75.0,23.671255111694336,18.5
2016-08-27,0,0.0,2128,1773,7963,6,0,0,865,0,110,0,975,01:04,465,465,0,0,0,0,100,75.0,23.671255111694336,18.5
2016-08-28,0,0.0,2052,1773,6621,5,0,0,846,96,0,0,942,00:35,498,498,0,0,0,0,100,75.0,23.671255111694336,18.5
2016-08-29,0,0.0,2234,1773,11591,9,0,0,822,0,145,0,967,01:11,473,473,0,0,0,0,100,75.0,23.671255111694336,18.5
2016-08-30,0,0.0,2094,1773,8485,6,0,0,913,109,0,0,1022,01:02,418,418,0,0,0,0,100,75.0,23.671255111694336,18.5
2016-08-31,0,0.0,2246,1773,12215,9,0,0,938,0,147,0,1085,01:57,355,355,0,0,0,0,100,75.0,23.671255111694336,18.5
2016-09-01,0,0.0,2066,1773,6040,4,0,0,915,0,88,0,1003,01:22,437,437,0,0,0,0,100,75.0,23.671255111694336,18.5
2016-09-02,0,0.0,2430,1773,17676,13,0,0,1250,0,190,0,1440,,0,0,0,0,0,0,0,75.0,23.671255111694336,18.5
2016-09-03,0,0.0,2172,1773,8692,6,0,0,1323,0,117,0,1440,,0,0,0,0,0,0,0,75.0,23.671255111694336,18.5
2016-09-04,0,0.0,2514,1773,19447,14,0,0,831,0,206,0,1037,01:14,403,403,0,0,0,0,100,75.0,23.671255111694336,18.5
2016-09-05,0,0.0,2104,1773,7437,5,0,0,939,0,95,0,1034,00:40,406,406,0,0,0,0,100,75.0,23.671255111694336,18.5
2016-09-06,0,0.0,2128,1773,8592,6,0,0,933,0,107,0,1040,01:17,400,400,0,0,0,0,100,75.0,23.671255111694336,18.5
2016-09-07,0,0.0,2032,1773,5913,4,0,0,974,95,0,0,1069,01:35,371,371,0,0,0,0,100,75.0,23.671255111694336,18.5
2016-09-08,0,0.0,2057,1773,7159,5,0,0,893,94,0,0,987,01:04,453,453,0,0,0,0,100,75.0,23.671255111694336,18.5
2016-09-09,0,0.0,2157,1773,10301,8,0,0,840,133,0,0,973,00:59,467,467,0,0,0,0,100,75.0,23.671255111694336,18.5
2016-09-10,0,0.0,2165,1773,8534,6,0,0,875,0,119,0,994,01:09,446,446,0,0,0,0,100,75.0,23.671255111694336,18.5
2016-09-11,0,0.0,2474,1773,14626,11,0,0,1285,0,155,0,1440,,0,0,0,0,0,0,0,75.0,23.671255111694336,18.5
2016-09-12,0,0.0,2182,1773,9600,7,0,0,863,0,124,0,987,01:04,453,453,0,0,0,0,100,75.0,23.671255111694336,18.5
2016-09-13,0,0.0,2227,1773,11008,8,0,0,911,0,129,0,1040,01:20,400,400,0,0,0,0,100,75.0,23.671255111694336,18.5
2016-09-14,0,0.0,2129,1773,8848,7,0,0,929,0,115,0,1044,01:01,396,396,0,0,0,0,100,75.0,23.671255111694336,18.5
2016-09-15,0,0.0,2121,1773,8511,6,0,0,909,0,98,0,1007,01:13,433,433,0,0,0,0,100,75.0,23.671255111694336,18.5
2016-09-16,0,0.0,2085,1773,7641,6,0,0,937,0,97,0,1034,01:14,406,406,0,0,0,0,100,75.0,23.671255111694336,18.5
2016-09-17,0,0.0,2309,1773,13978,10,0,0,888,0,170,0,1058,01:34,382,382,0,0,0,0,100,75.0,23.671255111694336,18.5
2016-09-18,0,0.0,2276,1773,12223,9,0,0,913,0,150,0,1063,01:34,377,377,0,0,0,0,100,75.0,23.671255111694336,18.5
2016-09-19,0,0.0,2065,1773,7299,5,0,0,841,108,0,0,949,00:20,491,491,0,0,0,0,100,75.0,23.671255111694336,18.5
2016-09-20,0,0.0,2610,1773,19381,14,0,0,825,0,199,0,1024,01:04,416,416,0,0,0,0,100,75.0,23.671255111694336,18.5
2016-09-21,0,0.0,2144,1773,7735,6,0,0,960,0,92,0,1052,01:27,388,388,0,0,0,0,100,75.0,23.671255111694336,18.5
2016-09-22,0,0.0,2226,1773,12403,9,0,0,904,152,0,0,1056,01:18,384,384,0,0,0,0,100,75.0,23.671255111694336,18.5
2016-09-23,0,0.0,2262,1773,13326,10,0,0,792,167,0,0,959,00:47,481,481,0,0,0,0,100,75.0,23.671255111694336,18.5
2016-09-24,0,0.0,2290,1773,15502,11,0,0,1240,200,0,0,1440,,0,0,0,0,0,0,0,75.0,23.671255111694336,18.5
2016-09-25,0,0.0,2547,1773,14665,11,0,0,903,0,142,0,1045,01:36,395,395,0,0,0,0,100,75.0,23.671255111694336,18.5
2016-09-26,0,0.0,1999,1773,5186,4,0,0,944,0,71,0,1015,01:00,425,425,0,0,0,0,100,75.0,23.671255111694336,18.5
2016-09-27,0,0.0,2049,1773,7188,5,0,0,937,103,0,0,1040,00:56,400,400,0,0,0,0,100,75.0,23.671255111694336,18.5
2016-09-28,0,0.0,2084,1773,7973,6,0,0,1334,106,0,0,1440,,0,0,0,0,0,0,0,75.0,23.671255111694336,18.5
2016-09-29,0,0.0,2074,1773,6760,5,0,0,882,0,94,0,976,00:52,464,464,0,0,0,0,100,75.0,23.671255111694336,18.5
2016-09-30,0,0.0,2153,1773,8085,6,0,0,1325,0,115,0,1440,,0,0,0,0,0,0,0,75.0,23.671255111694336,18.5
2016-10-01,0,0.0,2241,1773,9673,7,0,0,851,0,128,0,979,01:21,461,461,0,0,0,0,100,75.0,23.671255111694336,18.5
2016-10-02,0,0.0,2587,1773,21637,16,0,0,738,128,140,0,1006,01:13,434,434,0,0,0,0,100,75.0,23.671255111694336,18.5
2016-10-03,0,0.0,2832,1773,13697,10,0,0,851,0,157,33,1041,00:53,399,399,0,0,0,0,100,75.0,23.671255111694336,18.5
2016-10-04,0,0.0,2098,1773,7292,5,0,0,871,0,99,0,970,00:39,470,470,0,0,0,0,100,75.0,23.671255111694336,18.5
2016-10-05,0,0.0,2703,1773,17258,13,0,0,710,210,118,0,1038,01:16,402,402,0,0,0,0,100,75.0,23.671255111694336,18.5
2016-10-06,0,0.0,2102,1773,7941,6,0,0,946,117,0,0,1063,01:42,377,377,0,0,0,0,100,75.0,23.671255111694336,18.5
2016-10-07,0,0.0,2193,1773,9387,7,0,0,868,139,0,0,1007,01:24,433,433,0,0,0,0,100,75.0,23.671255111694336,18.5
2016-10-08,0,0.0,2383,1773,17074,13,0,0,1219,221,0,0,1440,,0,0,0,0,0,0,0,75.0,23.671255111694336,18.5
2016-10-09,0,0.0,2609,1773,13911,10,0,0,717,0,247,0,964,01:43,476,476,0,0,0,0,100,75.0,23.671255111694336,18.5
2016-10-10,0,0.0,2118,1773,8185,6,0,0,893,113,0,0,1006,01:27,434,434,0,0,0,0,100,75.0,23.671255111694336,18.5
2016-10-11,0,0.0,2229,1773,10218,8,0,0,901,0,131,0,1032,01:54,408,408,0,0,0,0,100,75.0,23.671255111694336,18.5
2016-10-12,0,0.0,2117,1773,8081,6,0,0,856,112,0,0,968,00:47,472,472,0,0,0,0,100,75.0,23.671255111694336,18.5
2016-10-13,0,0.0,2086,1773,6917,5,0,0,877,103,0,0,980,01:03,460,460,0,0,0,0,100,75.0,23.671255111694336,18.5
2016-10-14,0,0.0,2175,1773,10259,8,0,0,849,0,123,0,972,00:49,468,468,0,0,0,0,100,75.0,23.671255111694336,18.5
2016-10-15,0,0.0,2679,1773,15584,12,0,0,575,187,117,0,879,01:23,561,561,0,0,0,0,100,75.0,23.671255111694336,18.5
2016-10-16,0,0.0,3835,1773,19859,15,0,0,1145,0,185,110,1440,,0,0,0,0,0,0,0,75.0,23.671255111694336,18.5
2016-10-17,0,0.0,2310,1773,8643,6,0,0,791,0,165,0,956,00:32,484,484,0,0,0,0,100,75.0,23.671255111694336,18.5
2016-10-18,0,0.0,2108,1773,7665,6,0,0,907,91,18,0,1016,01:01,424,424,0,0,0,0,100,75.0,23.671255111694336,18.5
2016-10-19,0,0.0,2294,1773,18043,13,0,0,687,322,0,0,1009,01:30,431,431,0,0,0,0,100,75.0,23.671255111694336,18.5
2016-10-20,0,0.0,2184,1773,20116,15,0,0,797,159,65,0,1021,01:32,419,419,0,0,0,0,100,75.0,23.671255111694336,18.5
2016-10-21,0,0.0,1962,1773,9490,7,0,0,858,98,35,0,991,01:12,449,449,0,0,0,0,100,75.0,23.671255111694336,18.5
2016-10-22,0,0.0,2094,1773,9034,7,0,0,794,131,52,0,977,01:02,463,463,0,0,0,0,100,75.0,23.671255111694336,18.5
2016-10-23,0,0.0,2011,1773,7895,6,0,0,1384,0,56,0,1440,,0,0,0,0,0,0,0,75.0,23.671255111694336,18.5
2016-10-24,0,0.0,1969,1773,10670,8,0,0,833,119,37,0,989,00:45,451,451,0,0,0,0,100,75.0,23.671255111694336,18.5
2016-10-25,0,0.0,1901,1773,5870,4,0,0,930,0,28,0,958,00:28,482,482,0,0,0,0,100,75.0,23.671255111694336,18.5
2016-10-26,0,0.0,1909,1773,6354,5,0,0,950,19,10,0,979,00:42,461,461,0,0,0,0,100,75.0,23.671255111694336,18.5
2016-10-27,0,0.0,2035,1773,12200,9,0,0,787,126,52,0,965,00:39,475,475,0,0,0,0,100,75.0,23.671255111694336,18.5
2016-10-28,0,0.0,1865,1773,6571,5,0,0,1424,0,16,0,1440,,0,0,0,0,0,0,0,75.0,23.671255111694336,18.5
2016-10-29,0,0.0,2065,1773,5033,4,0,0,872,0,81,0,953,00:59,487,487,0,0,0,0,100,75.0,23.671255111694336,18.5
2016-10-30,0,0.0,1855,1773,6936,5,0,0,1411,0,29,0,1440,,0,0,0,0,0,0,0,75.0,23.671255111694336,18.5
2016-10-31,0,0.0,2122,1773,3809,3,0,0,1030,31,21,35,1117,02:50,323,323,0,0,0,0,100,75.0,23.671255111694336,18.5
2016-11-01,0,0.0,2078,1773,15334,11,0,0,1356,0,68,0,1424,,0,0,0,0,0,0,0,75.0,23.671255111694336,18.5
2016-11-02,0,0.0,2051,1773,13520,10,0,0,775,125,57,0,957,23:44,480,480,0,0,0,0,100,75.0,23.671255111694336,18.5
2016-11-03,0,0.0,1904,1773,5795,4,0,0,985,2,23,0,1010,23:41,449,449,0,0,0,0,100,75.0,23.671255111694336,18.5
2016-11-04,0,0.0,2014,1773,12702,9,0,0,826,118,48,0,992,00:16,448,448,0,0,0,0,100,75.0,23.671255111694336,18.5
2016-11-05,0,0.0,1894,1773,6432,5,0,0,848,0,31,0,879,00:19,541,541,0,0,0,0,100,75.0,23.671255111694336,18.5
2016-11-06,0,0.0,1847,1773,5997,4,0,0,839,90,0,0,929,23:40,531,531,0,0,0,0,100,75.0,23.671255111694336,18.5
2016-11-07,0,0.0,2624,1773,15867,12,0,0,717,120,227,0,1064,00:26,376,376,0,0,0,0,100,75.0,23.671255111694336,18.5
2016-11-08,0,0.0,1934,1773,8540,6,0,0,893,96,27,0,1016,00:39,424,424,0,0,0,0,100,75.0,23.671255111694336,18.5
2016-11-09,0,0.0,1814,1773,4762,4,0,0,940,5,0,0,945,00:11,454,454,0,0,0,0,100,75.0,23.671255111694336,18.5
2016-11-10,0,0.0,1888,1773,8450,6,0,0,952,0,17,0,969,23:19,462,462,0,0,0,0,100,75.0,23.671255111694336,18.5
2016-11-11,0,0.0,2154,1773,13450,10,0,0,816,141,56,0,1013,23:10,477,477,0,0,0,0,100,75.0,23.671255111694336,18.5
2016-11-12,0,0.0,1916,1773,8569,6,0,0,839,121,0,0,960,00:30,480,480,0,0,0,0,100,75.0,23.671255111694336,18.5
2016-11-13,0,0.0,1798,1773,2578,2,0,0,1051,0,0,0,1051,00:35,366,366,0,0,0,0,100,75.0,23.671255111694336,18.5
2016-11-14,0,0.0,1818,1773,3252,2,0,0,932,51,0,0,983,23:37,480,480,0,0,0,0,100,75.0,23.671255111694336,18.5
2016-11-15,0,0.0,2700,1773,15413,11,0,0,634,110,249,0,993,00:13,447,447,0,0,0,0,100,75.0,23.671255111694336,18.5
2016-11-16,0,0.0,2254,1773,20542,15,0,0,757,158,101,0,1016,00:36,424,424,0,0,0,0,100,75.0,23.671255111694336,18.5
2016-11-17,0,0.0,1960,1773,10539,8,0,0,856,99,32,0,987,00:04,428,428,0,0,0,0,100,75.0,23.671255111694336,18.5
2016-11-18,0,0.0,2193,1773,17203,13,0,0,715,161,86,0,962,23:35,503,503,0,0,0,0,100,75.0,23.671255111694336,18.5
2016-11-19,0,0.0,2282,1773,15253,11,0,0,751,146,121,0,1018,01:22,422,422,0,0,0,0,100,75.0,23.671255111694336,18.5
2016-11-20,0,0.0,2151,1773,5069,4,0,0,1381,3,0,45,1429,,0,0,0,0,0,0,0,75.0,23.671255111694336,18.5
2016-11-21,0,0.0,2081,1773,13594,10,0,0,794,122,64,0,980,23:49,471,471,0,0,0,0,100,75.0,23.671255111694336,18.5
2016-11-22,0,0.0,2106,1773,14993,11,0,0,794,142,56,0,992,00:08,448,448,0,0,0,0,100,75.0,23.671255111694336,18.5
2016-11-23,0,0.0,2003,1773,7929,6,0,0,967,0,59,0,1026,00:52,414,414,0,0,0,0,100,75.0,23.671255111694336,18.5
2016-11-24,0,0.0,1850,1773,7013,5,0,0,987,9,0,0,996,00:08,444,444,0,0,0,0,100,75.0,23.671255111694336,18.5
2016-11-25,0,0.0,1949,1773,7608,6,0,0,920,71,38,0,1029,00:38,384,384,0,0,0,0,100,75.0,23.671255111694336,18.5
2016-11-26,0,0.0,1960,1773,10595,8,0,0,890,0,42,0,932,23:33,498,498,0,0,0,0,100,75.0,23.671255111694336,18.5
2016-11-27,0,0.0,1844,1773,4995,4,0,0,870,74,0,0,944,23:23,466,466,0,0,0,0,100,75.0,23.671255111694336,18.5
2016-11-28,0,0.0,2992,1773,25775,19,0,0,547,162,311,0,1020,22:53,465,465,0,0,0,0,100,75.0,23.671255111694336,18.5
2016-11-29,0,0.0,2070,1773,14539,11,0,0,824,113,53,0,990,23:38,429,429,0,0,0,0,100,75.0,23.671255111694336,18.5
2016-11-30,0,0.0,2608,1773,18699,14,0,0,686,111,197,0,994,23:17,444,444,0,0,0,0,100,75.0,23.671255111694336,18.5
2016-12-01,0,0.0,2530,1773,19629,15,0,0,754,134,173,0,1061,23:15,415,415,0,0,0,0,100,75.0,23.671255111694336,18.5
2016-12-02,0,0.0,3082,1773,27830,21,0,0,503,361,124,0,988,23:51,461,461,0,0,0,0,100,75.0,23.671255111694336,18.5
2016-12-03,0,0.0,2374,1773,10831,8,0,0,1154,0,161,0,1315,,0,0,0,0,0,0,0,75.0,23.671255111694336,18.5
2016-12-04,0,0.0,2380,1773,6714,5,0,0,821,0,82,40,943,21:55,535,535,0,0,0,0,100,75.0,23.671255111694336,18.5
2016-12-05,0,0.0,3076,1773,21945,16,0,0,544,143,346,0,1033,22:33,486,486,0,0,0,0,100,75.0,23.671255111694336,18.5
2016-12-06,0,0.0,2258,1773,16887,12,0,0,747,116,114,0,977,23:52,407,407,0,0,0,0,100,75.0,23.671255111694336,18.5
2016-12-07,0,0.0,2624,1773,21333,16,0,0,692,137,219,0,1048,22:56,449,449,0,0,0,0,100,75.0,23.671255111694336,18.5
2016-12-08,0,0.0,1990,1773,10529,8,0,0,936,0,49,0,985,23:53,457,457,0,0,0,0,100,75.0,23.671255111694336,18.5
2016-12-09,0,0.0,2483,1773,11291,8,0,0,765,0,194,0,959,23:55,467,467,0,0,0,0,100,75.0,23.671255111694336,18.5
2016-12-10,0,0.0,1972,1773,8098,6,0,0,779,87,41,0,907,23:41,523,523,0,0,0,0,100,75.0,23.671255111694336,18.5
2016-12-11,0,0.0,2449,1773,"7309,5",11,0,0,807,103,161,0,1071,23:31,390,390,0,0,0,0,100,75.0,23.671255111694336,18.5
2016-12-12,0,0.0,2780,1773,10121,15,0,0,562,132,258,0,952,23:52,469,469,0,0,0,0,100,75.0,23.671255111694336,18.5
2016-12-13,0,0.0,2647,1773,7910,12,0,0,706,107,217,0,1030,23:33,427,427,0,0,0,0,100,75.0,23.671255111694336,18.5
2016-12-14,0,0.0,2370,1773,9876,15,0,0,730,289,0,0,1019,23:50,408,408,0,0,0,0,100,75.0,23.671255111694336,18.5
2016-12-15,0,0.0,2631,1773,8930,13,0,0,687,125,214,0,1026,23:37,415,415,0,0,0,0,100,75.0,23.671255111694336,18.5
2016-12-16,0,0.0,2211,1773,4918,15,0,0,779,166,64,0,1009,23:38,417,417,0,0,0,0,100,75.0,23.671255111694336,18.5
2016-12-17,0,0.0,2427,1773,"5544,5",8,0,0,790,0,175,0,965,23:24,483,483,0,0,0,0,100,75.0,23.671255111694336,18.5
2016-12-18,0,0.0,2532,1773,7382,11,0,0,796,0,104,45,945,23:32,522,522,0,0,0,0,100,75.0,23.671255111694336,18.5
2016-12-19,0,0.0,2106,1773,3235,5,0,0,949,11,93,0,1053,23:59,388,388,0,0,0,0,100,75.0,23.671255111694336,18.5
2016-12-20,0,0.0,1820,1768,2062,3,0,0,1420,0,20,0,1440,,0,0,0,0,0,0,0,75.0,23.671255111694336,18.5
2016-12-21,0,0.0,1865,1768,4137,6,0,0,1408,0,32,0,1440,,0,0,0,0,0,0,0,75.0,23.671255111694336,18.5
2016-12-22,0,0.0,1997,1768,"7913,5",12,0,0,1368,0,72,0,1440,,0,0,0,0,0,0,0,75.0,23.671255111694336,18.5
2016-12-23,0,0.0,1859,1768,2627,4,0,0,1363,60,17,0,1440,,0,0,0,0,0,0,0,75.0,23.671255111694336,18.5
2016-12-24,0,0.0,2000,1768,4824,8,0,0,1289,101,50,0,1440,,0,0,0,0,0,0,0,75.0,23.671255111694336,18.5
2016-12-25,0,0.0,2264,1768,8980,7,0,0,731,27,104,0,862,00:17,484,484,0,0,0,0,100,75.0,23.671255111694336,18.5
2016-12-26,0,0.0,2558,1770,7704,7,7,21,761,120,1,37,919,22:26,560,547,10,13,0,0,98,75.2,23.734376907348633,18.5
2016-12-27,1398,1750.0,3102,1772,6409,5,7,21,711,195,44,46,996,23:05,458,444,8,14,0,0,97,75.4,23.797502517700195,18.700000762939453
2016-12-28,0,250.0,2514,1772,5163,4,5,15,723,211,8,1,943,23:19,441,428,9,13,0,0,97,75.4,23.797502517700195,18.700000762939453
2016-12-29,914,2250.0,2618,1772,8409,6,3,9,859,144,9,47,1059,22:23,473,454,10,19,0,0,96,75.4,23.797502517700195,18.700000762939453
2016-12-30,2491,2000.0,2961,1772,11671,9,4,12,668,227,26,44,965,23:55,403,383,9,20,0,0,95,75.4,23.797502517700195,18.700000762939453
2016-12-31,0,1500.0,3087,1767,6959,5,11,33,726,204,11,45,986,22:44,512,502,9,10,0,0,98,74.92,23.646005630493164,18.540000915527344
2017-01-01,0,1500.0,3100,1766,10020,8,10,30,728,288,18,29,1063,03:26,346,341,5,4,0,1,99,74.8,23.60813331604004,18.5
2017-01-02,0,1250.0,2964,1771,12597,9,3,9,659,230,26,49,964,23:29,436,418,9,18,0,0,96,75.3,23.765941619873047,18.298999786376953
